model,fold,n_train,n_test,n_features,accuracy,iterations
probe_image_only,1,403,81,768,0.9876543209876543,64
probe_metadata_only,1,403,81,13,0.4444444444444444,40
probe_concat,1,403,81,781,0.9876543209876543,59
probe_joint_tuple_train_randomized_r0,1,403,81,781,0.9876543209876543,64
probe_independent_columns_train_randomized_r0,1,403,81,781,0.9876543209876543,56
probe_joint_tuple_train_randomized_r1,1,403,81,781,0.9876543209876543,60
probe_independent_columns_train_randomized_r1,1,403,81,781,0.9876543209876543,54
probe_joint_tuple_train_randomized_r2,1,403,81,781,0.9876543209876543,56
probe_independent_columns_train_randomized_r2,1,403,81,781,0.9876543209876543,56
probe_image_only,2,403,81,768,0.9876543209876543,61
probe_metadata_only,2,403,81,13,0.5679012345679012,44
probe_concat,2,403,81,781,0.9753086419753086,49
probe_joint_tuple_train_randomized_r0,2,403,81,781,0.9876543209876543,45
probe_independent_columns_train_randomized_r0,2,403,81,781,0.9876543209876543,53
probe_joint_tuple_train_randomized_r1,2,403,81,781,0.9876543209876543,58
probe_independent_columns_train_randomized_r1,2,403,81,781,0.9876543209876543,49
probe_joint_tuple_train_randomized_r2,2,403,81,781,0.9876543209876543,59
probe_independent_columns_train_randomized_r2,2,403,81,781,0.9876543209876543,52
probe_image_only,3,403,81,768,0.9135802469135802,52
probe_metadata_only,3,403,81,13,0.4691358024691358,42
probe_concat,3,403,81,781,0.8888888888888888,52
probe_joint_tuple_train_randomized_r0,3,403,81,781,0.9135802469135802,50
probe_independent_columns_train_randomized_r0,3,403,81,781,0.9012345679012346,52
probe_joint_tuple_train_randomized_r1,3,403,81,781,0.9135802469135802,49
probe_independent_columns_train_randomized_r1,3,403,81,781,0.9012345679012346,47
probe_joint_tuple_train_randomized_r2,3,403,81,781,0.9382716049382716,40
probe_independent_columns_train_randomized_r2,3,403,81,781,0.9135802469135802,53
probe_image_only,4,404,80,768,0.9625,55
probe_metadata_only,4,404,80,13,0.525,49
probe_concat,4,404,80,781,0.9625,55
probe_joint_tuple_train_randomized_r0,4,404,80,781,0.9625,56
probe_independent_columns_train_randomized_r0,4,404,80,781,0.9625,55
probe_joint_tuple_train_randomized_r1,4,404,80,781,0.9625,55
probe_independent_columns_train_randomized_r1,4,404,80,781,0.9625,54
probe_joint_tuple_train_randomized_r2,4,404,80,781,0.9625,56
probe_independent_columns_train_randomized_r2,4,404,80,781,0.9625,47
probe_image_only,5,404,80,768,0.9375,55
probe_metadata_only,5,404,80,13,0.525,48
probe_concat,5,404,80,781,0.9375,49
probe_joint_tuple_train_randomized_r0,5,404,80,781,0.95,54
probe_independent_columns_train_randomized_r0,5,404,80,781,0.9375,49
probe_joint_tuple_train_randomized_r1,5,404,80,781,0.9375,49
probe_independent_columns_train_randomized_r1,5,404,80,781,0.925,56
probe_joint_tuple_train_randomized_r2,5,404,80,781,0.9375,45
probe_independent_columns_train_randomized_r2,5,404,80,781,0.925,48
probe_image_only,6,403,81,768,0.9135802469135802,50
probe_metadata_only,6,403,81,12,0.3950617283950617,42
probe_concat,6,403,81,780,0.8888888888888888,46
probe_joint_tuple_train_randomized_r0,6,403,81,780,0.8888888888888888,42
probe_independent_columns_train_randomized_r0,6,403,81,780,0.8765432098765432,44
probe_joint_tuple_train_randomized_r1,6,403,81,780,0.9012345679012346,45
probe_independent_columns_train_randomized_r1,6,403,81,780,0.9012345679012346,45
probe_joint_tuple_train_randomized_r2,6,403,81,780,0.9259259259259259,45
probe_independent_columns_train_randomized_r2,6,403,81,780,0.9012345679012346,43
probe_image_only,7,403,81,768,0.9382716049382716,61
probe_metadata_only,7,403,81,13,0.5802469135802469,47
probe_concat,7,403,81,781,0.9382716049382716,63
probe_joint_tuple_train_randomized_r0,7,403,81,781,0.9382716049382716,44
probe_independent_columns_train_randomized_r0,7,403,81,781,0.9382716049382716,59
probe_joint_tuple_train_randomized_r1,7,403,81,781,0.9382716049382716,59
probe_independent_columns_train_randomized_r1,7,403,81,781,0.9382716049382716,62
probe_joint_tuple_train_randomized_r2,7,403,81,781,0.9382716049382716,61
probe_independent_columns_train_randomized_r2,7,403,81,781,0.9382716049382716,44
