model,metric,mean,sample_sd,population_sd,n_folds
metadata_Multimodal_DINOv3_Concat_KFold,accuracy,0.9381172839506174,0.03482882583694876,0.03224522701132473,7
metadata_Multimodal_DINOv3_Concat_KFold,roc_auc_macro,0.9931800084444927,0.007117954556489249,0.006589945397665363,7
metadata_Multimodal_DINOv3_Concat_KFold,kappa,0.913598659218206,0.04920013630775486,0.04555047510526873,7
metadata_Multimodal_DINOv3_Concat_KFold,mcc,0.9143701467510396,0.04868587113861519,0.045074358075066295,7
metadata_Multimodal_DINOv3_Concat_KFold,wga_all,0.34285714285714286,0.3359421718944242,0.31102201510110344,7
metadata_Multimodal_DINOv3_Concat_KFold,wga_filtered,0.9197407706403208,0.06625406661547358,0.06133934656427502,7
metadata_Multimodal_DINOv3_DSAF_KFold,accuracy,0.9203042328042327,0.046397681951171575,0.04295590653324878,7
metadata_Multimodal_DINOv3_DSAF_KFold,roc_auc_macro,0.9901717217457681,0.005945278487660144,0.005504258322621119,7
metadata_Multimodal_DINOv3_DSAF_KFold,kappa,0.8885774029876351,0.06535852028486394,0.06051023177111906,7
metadata_Multimodal_DINOv3_DSAF_KFold,mcc,0.8895635290831577,0.06537256728688995,0.06052323676793628,7
metadata_Multimodal_DINOv3_DSAF_KFold,wga_all,0.33571428571428574,0.32495420922837437,0.3008491384093241,7
metadata_Multimodal_DINOv3_DSAF_KFold,wga_filtered,0.9024957349742326,0.1068142992431921,0.09889082518246729,7
metadata_Multimodal_ResNet50_Concat_KFold,accuracy,0.9009700176366842,0.03398178450218137,0.031461019118258896,7
metadata_Multimodal_ResNet50_Concat_KFold,roc_auc_macro,0.9835523847550532,0.010473656869092981,0.009696722047527131,7
metadata_Multimodal_ResNet50_Concat_KFold,kappa,0.862898155817228,0.046793556681020546,0.043322415315134984,7
metadata_Multimodal_ResNet50_Concat_KFold,mcc,0.8644549572227552,0.04630049708389616,0.04286593082973147,7
metadata_Multimodal_ResNet50_Concat_KFold,wga_all,0.20476190476190476,0.26696411981732915,0.24716074804497104,7
metadata_Multimodal_ResNet50_Concat_KFold,wga_filtered,0.8671199656581966,0.08200678136739048,0.07592352650758326,7
metadata_Multimodal_VGG16_Concat_KFold,accuracy,0.8601851851851852,0.028196855870712793,0.02610521591549557,7
metadata_Multimodal_VGG16_Concat_KFold,roc_auc_macro,0.9609191341710732,0.034583706396261855,0.03201829050629177,7
metadata_Multimodal_VGG16_Concat_KFold,kappa,0.8076732697149328,0.03909488830630664,0.03619483339234157,7
metadata_Multimodal_VGG16_Concat_KFold,mcc,0.8101107812901994,0.039166786433470886,0.03626139812360624,7
metadata_Multimodal_VGG16_Concat_KFold,wga_all,0.09523809523809523,0.2519763153394848,0.23328473740792172,7
metadata_Multimodal_VGG16_Concat_KFold,wga_filtered,0.8199834148859635,0.11540395389481095,0.10684330010904079,7
