sample_id_a,sample_id_b,byte_identical,pixel_identical,phash_distance,archive_split_a,archive_split_b,label_a,label_b,verified_related,review_reason,metadata_split_a,metadata_label_a,metadata_split_b,metadata_label_b,label_x,fold,role_a,label_y,role_b
Test/Sarampion/Sarampion (20).jpeg,Train/Sarampion/Sarampion (107).jpg,False,False,2,Test,Train,Sarampion,Sarampion,,CANDIDATE ONLY; visual/source review required,Test,Sarampion,Train,Sarampion,Sarampion,1,Train,Sarampion,Val
Test/Sarampion/Sarampion (20).jpeg,Train/Sarampion/Sarampion (107).jpg,False,False,2,Test,Train,Sarampion,Sarampion,,CANDIDATE ONLY; visual/source review required,Test,Sarampion,Train,Sarampion,Sarampion,4,Test,Sarampion,Val
Test/Sarampion/Sarampion (20).jpeg,Train/Sarampion/Sarampion (107).jpg,False,False,2,Test,Train,Sarampion,Sarampion,,CANDIDATE ONLY; visual/source review required,Test,Sarampion,Train,Sarampion,Sarampion,5,Val,Sarampion,Train
Test/Sarampion/Sarampion (20).jpeg,Train/Sarampion/Sarampion (107).jpg,False,False,2,Test,Train,Sarampion,Sarampion,,CANDIDATE ONLY; visual/source review required,Test,Sarampion,Train,Sarampion,Sarampion,6,Train,Sarampion,Test
Test/Sarampion/Sarampion (33).png,Val/Sarampion/Sarampion (2).jpeg,False,False,6,Test,Val,Sarampion,Sarampion,,CANDIDATE ONLY; visual/source review required,Test,Sarampion,Val,Sarampion,Sarampion,1,Train,Sarampion,Val
Test/Sarampion/Sarampion (33).png,Val/Sarampion/Sarampion (2).jpeg,False,False,6,Test,Val,Sarampion,Sarampion,,CANDIDATE ONLY; visual/source review required,Test,Sarampion,Val,Sarampion,Sarampion,4,Train,Sarampion,Test
Test/Sarampion/Sarampion (33).png,Val/Sarampion/Sarampion (2).jpeg,False,False,6,Test,Val,Sarampion,Sarampion,,CANDIDATE ONLY; visual/source review required,Test,Sarampion,Val,Sarampion,Sarampion,5,Val,Sarampion,Train
Test/Sarampion/Sarampion (33).png,Val/Sarampion/Sarampion (2).jpeg,False,False,6,Test,Val,Sarampion,Sarampion,,CANDIDATE ONLY; visual/source review required,Test,Sarampion,Val,Sarampion,Sarampion,6,Test,Sarampion,Val
Test/Sarampion/Sarampion (9).jpg,Train/Sarampion/Sarampion (71).jpg,False,False,0,Test,Train,Sarampion,Sarampion,,CANDIDATE ONLY; visual/source review required,Test,Sarampion,Train,Sarampion,Sarampion,1,Train,Sarampion,Test
Test/Sarampion/Sarampion (9).jpg,Train/Sarampion/Sarampion (71).jpg,False,False,0,Test,Train,Sarampion,Sarampion,,CANDIDATE ONLY; visual/source review required,Test,Sarampion,Train,Sarampion,Sarampion,2,Test,Sarampion,Train
Test/Sarampion/Sarampion (9).jpg,Train/Sarampion/Sarampion (71).jpg,False,False,0,Test,Train,Sarampion,Sarampion,,CANDIDATE ONLY; visual/source review required,Test,Sarampion,Train,Sarampion,Sarampion,4,Val,Sarampion,Train
Test/Sarampion/Sarampion (9).jpg,Train/Sarampion/Sarampion (71).jpg,False,False,0,Test,Train,Sarampion,Sarampion,,CANDIDATE ONLY; visual/source review required,Test,Sarampion,Train,Sarampion,Sarampion,7,Train,Sarampion,Val
Test/Sarampion/Sarampion (9).jpg,Val/Sarampion/Sarampion (18).png,False,False,0,Test,Val,Sarampion,Sarampion,,CANDIDATE ONLY; visual/source review required,Test,Sarampion,Val,Sarampion,Sarampion,2,Test,Sarampion,Train
Test/Sarampion/Sarampion (9).jpg,Val/Sarampion/Sarampion (18).png,False,False,0,Test,Val,Sarampion,Sarampion,,CANDIDATE ONLY; visual/source review required,Test,Sarampion,Val,Sarampion,Sarampion,4,Val,Sarampion,Train
Test/Sarampion/Sarampion (9).jpg,Val/Sarampion/Sarampion (18).png,False,False,0,Test,Val,Sarampion,Sarampion,,CANDIDATE ONLY; visual/source review required,Test,Sarampion,Val,Sarampion,Sarampion,6,Val,Sarampion,Test
Test/Varicela/ChickenPox (31).png,Train/Varicela/ChickenPox (57).png,False,False,2,Test,Train,Varicela,Varicela,,CANDIDATE ONLY; visual/source review required,Test,Varicela,Train,Varicela,Varicela,2,Test,Varicela,Train
Test/Varicela/ChickenPox (31).png,Train/Varicela/ChickenPox (57).png,False,False,2,Test,Train,Varicela,Varicela,,CANDIDATE ONLY; visual/source review required,Test,Varicela,Train,Varicela,Varicela,4,Train,Varicela,Val
Test/Varicela/ChickenPox (31).png,Train/Varicela/ChickenPox (57).png,False,False,2,Test,Train,Varicela,Varicela,,CANDIDATE ONLY; visual/source review required,Test,Varicela,Train,Varicela,Varicela,5,Train,Varicela,Val
Test/Varicela/ChickenPox (31).png,Train/Varicela/ChickenPox (57).png,False,False,2,Test,Train,Varicela,Varicela,,CANDIDATE ONLY; visual/source review required,Test,Varicela,Train,Varicela,Varicela,7,Train,Varicela,Test
Train/Sarampion/Sarampion (102).jpg,Val/Sarampion/Sarampion (2).jpeg,False,False,6,Train,Val,Sarampion,Sarampion,,CANDIDATE ONLY; visual/source review required,Train,Sarampion,Val,Sarampion,Sarampion,2,Train,Sarampion,Val
Train/Sarampion/Sarampion (102).jpg,Val/Sarampion/Sarampion (2).jpeg,False,False,6,Train,Val,Sarampion,Sarampion,,CANDIDATE ONLY; visual/source review required,Train,Sarampion,Val,Sarampion,Sarampion,4,Train,Sarampion,Test
Train/Sarampion/Sarampion (102).jpg,Val/Sarampion/Sarampion (2).jpeg,False,False,6,Train,Val,Sarampion,Sarampion,,CANDIDATE ONLY; visual/source review required,Train,Sarampion,Val,Sarampion,Sarampion,6,Test,Sarampion,Val
Train/Sarampion/Sarampion (122).jpg,Train/Sarampion/Sarampion (58).png,False,False,2,Train,Train,Sarampion,Sarampion,,CANDIDATE ONLY; visual/source review required,Train,Sarampion,Train,Sarampion,Sarampion,2,Train,Sarampion,Val
Train/Sarampion/Sarampion (122).jpg,Train/Sarampion/Sarampion (58).png,False,False,2,Train,Train,Sarampion,Sarampion,,CANDIDATE ONLY; visual/source review required,Train,Sarampion,Train,Sarampion,Sarampion,3,Test,Sarampion,Val
Train/Sarampion/Sarampion (122).jpg,Train/Sarampion/Sarampion (58).png,False,False,2,Train,Train,Sarampion,Sarampion,,CANDIDATE ONLY; visual/source review required,Train,Sarampion,Train,Sarampion,Sarampion,4,Val,Sarampion,Train
Train/Sarampion/Sarampion (122).jpg,Train/Sarampion/Sarampion (58).png,False,False,2,Train,Train,Sarampion,Sarampion,,CANDIDATE ONLY; visual/source review required,Train,Sarampion,Train,Sarampion,Sarampion,7,Train,Sarampion,Test
Train/Sarampion/Sarampion (133).jpg,Train/Sarampion/Sarampion (67).jpg,False,False,0,Train,Train,Sarampion,Sarampion,,CANDIDATE ONLY; visual/source review required,Train,Sarampion,Train,Sarampion,Sarampion,2,Val,Sarampion,Train
Train/Sarampion/Sarampion (133).jpg,Train/Sarampion/Sarampion (67).jpg,False,False,0,Train,Train,Sarampion,Sarampion,,CANDIDATE ONLY; visual/source review required,Train,Sarampion,Train,Sarampion,Sarampion,5,Val,Sarampion,Train
Train/Sarampion/Sarampion (34).jpg,Train/Sarampion/Sarampion (58).png,False,False,6,Train,Train,Sarampion,Sarampion,,CANDIDATE ONLY; visual/source review required,Train,Sarampion,Train,Sarampion,Sarampion,3,Train,Sarampion,Val
Train/Sarampion/Sarampion (34).jpg,Train/Sarampion/Sarampion (58).png,False,False,6,Train,Train,Sarampion,Sarampion,,CANDIDATE ONLY; visual/source review required,Train,Sarampion,Train,Sarampion,Sarampion,5,Test,Sarampion,Train
Train/Sarampion/Sarampion (34).jpg,Train/Sarampion/Sarampion (58).png,False,False,6,Train,Train,Sarampion,Sarampion,,CANDIDATE ONLY; visual/source review required,Train,Sarampion,Train,Sarampion,Sarampion,7,Train,Sarampion,Test
Train/Sarampion/Sarampion (71).jpg,Val/Sarampion/Sarampion (18).png,False,False,0,Train,Val,Sarampion,Sarampion,,CANDIDATE ONLY; visual/source review required,Train,Sarampion,Val,Sarampion,Sarampion,1,Test,Sarampion,Train
Train/Sarampion/Sarampion (71).jpg,Val/Sarampion/Sarampion (18).png,False,False,0,Train,Val,Sarampion,Sarampion,,CANDIDATE ONLY; visual/source review required,Train,Sarampion,Val,Sarampion,Sarampion,6,Val,Sarampion,Test
Train/Sarampion/Sarampion (71).jpg,Val/Sarampion/Sarampion (18).png,False,False,0,Train,Val,Sarampion,Sarampion,,CANDIDATE ONLY; visual/source review required,Train,Sarampion,Val,Sarampion,Sarampion,7,Val,Sarampion,Train
Train/Varicela/2024-06-26_21-06-29_5345.png,Train/Varicela/2024-06-26_21-50-05_2915.png,False,False,6,Train,Train,Varicela,Varicela,,CANDIDATE ONLY; visual/source review required,Train,Varicela,Train,Varicela,Varicela,1,Train,Varicela,Val
Train/Varicela/2024-06-26_21-06-29_5345.png,Train/Varicela/2024-06-26_21-50-05_2915.png,False,False,6,Train,Train,Varicela,Varicela,,CANDIDATE ONLY; visual/source review required,Train,Varicela,Train,Varicela,Varicela,3,Test,Varicela,Train
Train/Varicela/2024-06-26_21-06-29_5345.png,Train/Varicela/2024-06-26_21-50-05_2915.png,False,False,6,Train,Train,Varicela,Varicela,,CANDIDATE ONLY; visual/source review required,Train,Varicela,Train,Varicela,Varicela,5,Val,Varicela,Test
Train/Varicela/ChickenPox (192).jpg,Train/Varicela/ChickenPox (59).png,False,False,0,Train,Train,Varicela,Varicela,,CANDIDATE ONLY; visual/source review required,Train,Varicela,Train,Varicela,Varicela,1,Val,Varicela,Train
Train/Varicela/ChickenPox (192).jpg,Train/Varicela/ChickenPox (59).png,False,False,0,Train,Train,Varicela,Varicela,,CANDIDATE ONLY; visual/source review required,Train,Varicela,Train,Varicela,Varicela,3,Val,Varicela,Train
Train/Varicela/ChickenPox (192).jpg,Train/Varicela/ChickenPox (59).png,False,False,0,Train,Train,Varicela,Varicela,,CANDIDATE ONLY; visual/source review required,Train,Varicela,Train,Varicela,Varicela,4,Train,Varicela,Test
Train/Varicela/ChickenPox (192).jpg,Train/Varicela/ChickenPox (59).png,False,False,0,Train,Train,Varicela,Varicela,,CANDIDATE ONLY; visual/source review required,Train,Varicela,Train,Varicela,Varicela,5,Val,Varicela,Train
Train/Varicela/ChickenPox (192).jpg,Train/Varicela/ChickenPox (59).png,False,False,0,Train,Train,Varicela,Varicela,,CANDIDATE ONLY; visual/source review required,Train,Varicela,Train,Varicela,Varicela,7,Test,Varicela,Train
Train/Varicela/ChickenPox (225).jpg,Val/Varicela/ChickenPox (5).jpg,False,False,0,Train,Val,Varicela,Varicela,,CANDIDATE ONLY; visual/source review required,Train,Varicela,Val,Varicela,Varicela,3,Test,Varicela,Train
Train/Varicela/ChickenPox (225).jpg,Val/Varicela/ChickenPox (5).jpg,False,False,0,Train,Val,Varicela,Varicela,,CANDIDATE ONLY; visual/source review required,Train,Varicela,Val,Varicela,Varicela,4,Val,Varicela,Test
