sample_id_a,sample_id_b,byte_identical,pixel_identical,phash_distance,archive_split_a,archive_split_b,label_a,label_b,verified_related,review_reason,metadata_split_a,metadata_label_a,metadata_split_b,metadata_label_b
Test/Herpes/Herpes (110).jpg,Train/Herpes/Herpes (285).jpg,False,False,2,Test,Train,Herpes,Herpes,,CANDIDATE ONLY; visual/source review required,,,,
Test/Herpes/Herpes (114).jpg,Train/Herpes/Herpes (187).jpg,False,False,4,Test,Train,Herpes,Herpes,,CANDIDATE ONLY; visual/source review required,,,,
Test/Herpes/Herpes (119).jpg,Test/Herpes/Herpes (23).jpg,False,False,6,Test,Test,Herpes,Herpes,,CANDIDATE ONLY; visual/source review required,,,,
Test/Herpes/Herpes (12).jpeg,Test/Herpes/Herpes (30).jpg,False,False,0,Test,Test,Herpes,Herpes,,CANDIDATE ONLY; visual/source review required,,,,
Test/Herpes/Herpes (12).jpeg,Train/Herpes/Herpes (207).jpg,False,False,0,Test,Train,Herpes,Herpes,,CANDIDATE ONLY; visual/source review required,,,,
Test/Herpes/Herpes (12).jpg,Train/Herpes/Herpes (132).jpg,False,False,2,Test,Train,Herpes,Herpes,,CANDIDATE ONLY; visual/source review required,,,,
Test/Herpes/Herpes (12).png,Test/Herpes/Herpes (66).jpg,False,False,0,Test,Test,Herpes,Herpes,,CANDIDATE ONLY; visual/source review required,,,,
Test/Herpes/Herpes (12).png,Train/Herpes/Herpes (130).jpg,False,False,0,Test,Train,Herpes,Herpes,,CANDIDATE ONLY; visual/source review required,,,,
Test/Herpes/Herpes (19).jpeg,Train/Herpes/Herpes (307).jpg,False,False,0,Test,Train,Herpes,Herpes,,CANDIDATE ONLY; visual/source review required,,,,
Test/Herpes/Herpes (19).jpg,Train/Herpes/Herpes (260).jpg,False,False,0,Test,Train,Herpes,Herpes,,CANDIDATE ONLY; visual/source review required,,,,
Test/Herpes/Herpes (20).jpeg,Val/Herpes/Herpes (58).jpg,False,False,2,Test,Val,Herpes,Herpes,,CANDIDATE ONLY; visual/source review required,,,,
Test/Herpes/Herpes (23).jpg,Val/Herpes/Herpes (16).jpeg,False,False,2,Test,Val,Herpes,Herpes,,CANDIDATE ONLY; visual/source review required,,,,
Test/Herpes/Herpes (23).jpg,Val/Herpes/Herpes (46).jpg,False,False,6,Test,Val,Herpes,Herpes,,CANDIDATE ONLY; visual/source review required,,,,
Test/Herpes/Herpes (24).jpeg,Train/Herpes/Herpes (186).jpg,False,False,2,Test,Train,Herpes,Herpes,,CANDIDATE ONLY; visual/source review required,,,,
Test/Herpes/Herpes (24).jpeg,Val/Herpes/Herpes (6).jpg,False,False,2,Test,Val,Herpes,Herpes,,CANDIDATE ONLY; visual/source review required,,,,
Test/Herpes/Herpes (30).jpg,Train/Herpes/Herpes (207).jpg,False,False,0,Test,Train,Herpes,Herpes,,CANDIDATE ONLY; visual/source review required,,,,
Test/Herpes/Herpes (31).jpeg,Train/Herpes/Herpes (267).jpg,False,False,0,Test,Train,Herpes,Herpes,,CANDIDATE ONLY; visual/source review required,,,,
Test/Herpes/Herpes (31).jpg,Train/Herpes/Herpes (179).jpg,False,False,0,Test,Train,Herpes,Herpes,,CANDIDATE ONLY; visual/source review required,,,,
Test/Herpes/Herpes (32).jpg,Train/Herpes/Herpes (172).jpg,False,False,0,Test,Train,Herpes,Herpes,,CANDIDATE ONLY; visual/source review required,,,,
Test/Herpes/Herpes (39).jpg,Train/Herpes/Herpes (117).jpg,False,False,2,Test,Train,Herpes,Herpes,,CANDIDATE ONLY; visual/source review required,,,,
Test/Herpes/Herpes (5).jpeg,Train/Herpes/Herpes (14).jpeg,False,False,0,Test,Train,Herpes,Herpes,,CANDIDATE ONLY; visual/source review required,,,,
Test/Herpes/Herpes (5).jpeg,Train/Varicela/ChickenPox (137).jpg,False,False,0,Test,Train,Herpes,Varicela,,CANDIDATE ONLY; visual/source review required,,,,
Test/Herpes/Herpes (50).jpg,Train/Herpes/Herpes (276).jpg,False,False,0,Test,Train,Herpes,Herpes,,CANDIDATE ONLY; visual/source review required,,,,
Test/Herpes/Herpes (52).jpg,Train/Herpes/Herpes (214).jpg,False,False,0,Test,Train,Herpes,Herpes,,CANDIDATE ONLY; visual/source review required,,,,
Test/Herpes/Herpes (52).jpg,Train/Herpes/Herpes (273).jpg,False,False,6,Test,Train,Herpes,Herpes,,CANDIDATE ONLY; visual/source review required,,,,
Test/Herpes/Herpes (54).jpg,Train/Herpes/Herpes (213).jpg,False,False,2,Test,Train,Herpes,Herpes,,CANDIDATE ONLY; visual/source review required,,,,
Test/Herpes/Herpes (54).jpg,Train/Herpes/Herpes (94).jpg,False,False,0,Test,Train,Herpes,Herpes,,CANDIDATE ONLY; visual/source review required,,,,
Test/Herpes/Herpes (55).jpg,Train/Herpes/Herpes (271).jpg,False,False,2,Test,Train,Herpes,Herpes,,CANDIDATE ONLY; visual/source review required,,,,
Test/Herpes/Herpes (56).jpg,Train/Herpes/Herpes (266).jpg,False,False,0,Test,Train,Herpes,Herpes,,CANDIDATE ONLY; visual/source review required,,,,
Test/Herpes/Herpes (66).jpg,Train/Herpes/Herpes (130).jpg,False,False,0,Test,Train,Herpes,Herpes,,CANDIDATE ONLY; visual/source review required,,,,
Test/Herpes/Herpes (7).png,Train/Herpes/Herpes (153).jpg,False,False,0,Test,Train,Herpes,Herpes,,CANDIDATE ONLY; visual/source review required,,,,
Test/Herpes/Herpes (7).png,Train/Herpes/Herpes (8).png,False,False,0,Test,Train,Herpes,Herpes,,CANDIDATE ONLY; visual/source review required,,,,
Test/Herpes/Herpes (80).jpg,Train/Herpes/Herpes (218).jpg,False,False,2,Test,Train,Herpes,Herpes,,CANDIDATE ONLY; visual/source review required,,,,
Test/Herpes/Herpes (9).jpg,Train/Herpes/Herpes (129).jpg,False,False,0,Test,Train,Herpes,Herpes,,CANDIDATE ONLY; visual/source review required,,,,
Test/Herpes/Herpes (9).jpg,Train/Varicela/ChickenPox (246).jpg,False,False,0,Test,Train,Herpes,Varicela,,CANDIDATE ONLY; visual/source review required,,,,
Test/Herpes/Herpes (97).jpg,Train/Herpes/Herpes (136).jpg,False,False,0,Test,Train,Herpes,Herpes,,CANDIDATE ONLY; visual/source review required,,,,
Test/Herpes/Herpes (97).jpg,Train/Herpes/Herpes (216).jpg,False,False,0,Test,Train,Herpes,Herpes,,CANDIDATE ONLY; visual/source review required,,,,
Test/Herpes/Herpes (98).jpg,Train/Herpes/Herpes (40).jpg,False,False,0,Test,Train,Herpes,Herpes,,CANDIDATE ONLY; visual/source review required,,,,
Test/Herpes/Herpes (98).jpg,Train/Monkeypox/MonkeyPox (165).png,False,False,0,Test,Train,Herpes,Monkeypox,,CANDIDATE ONLY; visual/source review required,,,,
Test/Melanoma/Melanoma (1).jpg,Val/Melanoma/Melanoma (141).jpg,False,False,4,Test,Val,Melanoma,Melanoma,,CANDIDATE ONLY; visual/source review required,,,,
Test/Melanoma/Melanoma (14).jpg,Test/Melanoma/Melanoma (32).jpg,False,False,2,Test,Test,Melanoma,Melanoma,,CANDIDATE ONLY; visual/source review required,,,,
Test/Melanoma/Melanoma (36).jpg,Test/Melanoma/Melanoma (77).jpg,False,False,0,Test,Test,Melanoma,Melanoma,,CANDIDATE ONLY; visual/source review required,,,,
Test/Melanoma/Melanoma (43).jpg,Train/Melanoma/Melanoma (111).jpg,False,False,4,Test,Train,Melanoma,Melanoma,,CANDIDATE ONLY; visual/source review required,,,,
Test/Monkeypox/MonkeyPox (104).jpg,Train/Monkeypox/MonkeyPox (188).jpg,False,False,0,Test,Train,Monkeypox,Monkeypox,,CANDIDATE ONLY; visual/source review required,,,,
Test/Monkeypox/MonkeyPox (12).jpeg,Test/Monkeypox/MonkeyPox (4).png,False,False,6,Test,Test,Monkeypox,Monkeypox,,CANDIDATE ONLY; visual/source review required,,,,
Test/Monkeypox/MonkeyPox (3).png,Val/Monkeypox/MonkeyPox (38).png,False,False,2,Test,Val,Monkeypox,Monkeypox,,CANDIDATE ONLY; visual/source review required,Test,Monkeypox,,
Test/Monkeypox/MonkeyPox (48).jpg,Test/Varicela/ChickenPox (50).png,False,False,6,Test,Test,Monkeypox,Varicela,,CANDIDATE ONLY; visual/source review required,,,,
Test/Monkeypox/MonkeyPox (48).jpg,Train/Monkeypox/MonkeyPox (177).jpg,False,False,2,Test,Train,Monkeypox,Monkeypox,,CANDIDATE ONLY; visual/source review required,,,,
Test/Monkeypox/MonkeyPox (48).jpg,Train/Varicela/ChickenPox (27).png,False,False,4,Test,Train,Monkeypox,Varicela,,CANDIDATE ONLY; visual/source review required,,,,
Test/Monkeypox/MonkeyPox (56).jpg,Val/Monkeypox/MonkeyPox (3).jpeg,False,False,2,Test,Val,Monkeypox,Monkeypox,,CANDIDATE ONLY; visual/source review required,,,,
Test/Monkeypox/MonkeyPox (67).png,Val/Monkeypox/MonkeyPox (3).jpg,False,False,2,Test,Val,Monkeypox,Monkeypox,,CANDIDATE ONLY; visual/source review required,,,,
Test/Monkeypox/MonkeyPox (75).jpg,Val/Monkeypox/MonkeyPox (26).png,False,False,0,Test,Val,Monkeypox,Monkeypox,,CANDIDATE ONLY; visual/source review required,,,,
Test/Monkeypox/MonkeyPox (80).jpg,Train/Monkeypox/MonkeyPox (34).jpg,False,False,0,Test,Train,Monkeypox,Monkeypox,,CANDIDATE ONLY; visual/source review required,,,,
Test/Monkeypox/MonkeyPox (80).jpg,Train/Monkeypox/MonkeyPox (5).jpeg,False,False,0,Test,Train,Monkeypox,Monkeypox,,CANDIDATE ONLY; visual/source review required,,,,
Test/Monkeypox/MonkeyPox (81).jpg,Train/Monkeypox/MonkeyPox (184).jpg,False,False,0,Test,Train,Monkeypox,Monkeypox,,CANDIDATE ONLY; visual/source review required,,,,
Test/Monkeypox/MonkeyPox (86).jpg,Train/Monkeypox/MonkeyPox (115).jpg,False,False,0,Test,Train,Monkeypox,Monkeypox,,CANDIDATE ONLY; visual/source review required,,,,
Test/Monkeypox/MonkeyPox (9).jpg,Train/Monkeypox/MonkeyPox (9).jpeg,False,False,2,Test,Train,Monkeypox,Monkeypox,,CANDIDATE ONLY; visual/source review required,Test,Monkeypox,,
Test/Monkeypox/MonkeyPox (92).jpg,Test/Monkeypox/MonkeyPox (98).jpg,False,False,2,Test,Test,Monkeypox,Monkeypox,,CANDIDATE ONLY; visual/source review required,,,,
Test/Monkeypox/MonkeyPox (92).jpg,Train/Monkeypox/MonkeyPox (100).jpg,False,False,4,Test,Train,Monkeypox,Monkeypox,,CANDIDATE ONLY; visual/source review required,,,,
Test/Monkeypox/MonkeyPox (92).jpg,Train/Monkeypox/MonkeyPox (8).png,False,False,0,Test,Train,Monkeypox,Monkeypox,,CANDIDATE ONLY; visual/source review required,,,,
Test/Monkeypox/MonkeyPox (92).jpg,Train/Monkeypox/MonkeyPox (96).jpg,True,True,0,Test,Train,Monkeypox,Monkeypox,yes,exact decoded pixels,,,,
Test/Monkeypox/MonkeyPox (92).jpg,Train/Monkeypox/MonkeyPox (97).jpg,False,False,2,Test,Train,Monkeypox,Monkeypox,,CANDIDATE ONLY; visual/source review required,,,,
Test/Monkeypox/MonkeyPox (98).jpg,Test/Monkeypox/MonkeyPox (99).jpg,False,False,6,Test,Test,Monkeypox,Monkeypox,,CANDIDATE ONLY; visual/source review required,,,,
Test/Monkeypox/MonkeyPox (98).jpg,Train/Monkeypox/MonkeyPox (100).jpg,False,False,4,Test,Train,Monkeypox,Monkeypox,,CANDIDATE ONLY; visual/source review required,,,,
Test/Monkeypox/MonkeyPox (98).jpg,Train/Monkeypox/MonkeyPox (8).png,False,False,2,Test,Train,Monkeypox,Monkeypox,,CANDIDATE ONLY; visual/source review required,,,,
Test/Monkeypox/MonkeyPox (98).jpg,Train/Monkeypox/MonkeyPox (96).jpg,False,False,2,Test,Train,Monkeypox,Monkeypox,,CANDIDATE ONLY; visual/source review required,,,,
Test/Monkeypox/MonkeyPox (98).jpg,Train/Monkeypox/MonkeyPox (97).jpg,False,False,2,Test,Train,Monkeypox,Monkeypox,,CANDIDATE ONLY; visual/source review required,,,,
Test/Monkeypox/MonkeyPox (99).jpg,Train/Monkeypox/MonkeyPox (100).jpg,False,False,4,Test,Train,Monkeypox,Monkeypox,,CANDIDATE ONLY; visual/source review required,,,,
Test/Sarampion/Sarampion (12).jpg,Test/Sarampion/Sarampion (4).jpeg,False,False,0,Test,Test,Sarampion,Sarampion,,CANDIDATE ONLY; visual/source review required,,,,
Test/Sarampion/Sarampion (19).png,Train/Sarampion/Sarampion (155).jpg,False,False,6,Test,Train,Sarampion,Sarampion,,CANDIDATE ONLY; visual/source review required,,,,
Test/Sarampion/Sarampion (19).png,Train/Sarampion/Sarampion (37).jpg,False,False,6,Test,Train,Sarampion,Sarampion,,CANDIDATE ONLY; visual/source review required,,,,
Test/Sarampion/Sarampion (20).jpeg,Train/Sarampion/Sarampion (107).jpg,False,False,2,Test,Train,Sarampion,Sarampion,,CANDIDATE ONLY; visual/source review required,Test,Sarampion,Train,Sarampion
Test/Sarampion/Sarampion (20).jpeg,Val/Sarampion/Sarampion (40).png,False,False,2,Test,Val,Sarampion,Sarampion,,CANDIDATE ONLY; visual/source review required,Test,Sarampion,,
Test/Sarampion/Sarampion (24).jpg,Train/Sarampion/Sarampion (57).jpg,False,False,0,Test,Train,Sarampion,Sarampion,,CANDIDATE ONLY; visual/source review required,,,,
Test/Sarampion/Sarampion (24).png,Train/Sarampion/Sarampion (154).jpg,False,False,2,Test,Train,Sarampion,Sarampion,,CANDIDATE ONLY; visual/source review required,,,,
Test/Sarampion/Sarampion (25).jpg,Train/Sarampion/Sarampion (47).jpg,False,False,0,Test,Train,Sarampion,Sarampion,,CANDIDATE ONLY; visual/source review required,,,,
Test/Sarampion/Sarampion (25).png,Train/Sarampion/Sarampion (139).jpg,False,False,0,Test,Train,Sarampion,Sarampion,,CANDIDATE ONLY; visual/source review required,,,Train,Sarampion
Test/Sarampion/Sarampion (29).png,Train/Sarampion/Sarampion (113).jpg,False,False,0,Test,Train,Sarampion,Sarampion,,CANDIDATE ONLY; visual/source review required,,,,
Test/Sarampion/Sarampion (3).png,Test/Sarampion/Sarampion (39).jpg,False,False,0,Test,Test,Sarampion,Sarampion,,CANDIDATE ONLY; visual/source review required,Test,Sarampion,,
Test/Sarampion/Sarampion (31).png,Train/Sarampion/Sarampion (115).jpg,False,False,0,Test,Train,Sarampion,Sarampion,,CANDIDATE ONLY; visual/source review required,,,,
Test/Sarampion/Sarampion (31).png,Train/Sarampion/Sarampion (120).jpg,False,False,2,Test,Train,Sarampion,Sarampion,,CANDIDATE ONLY; visual/source review required,,,,
Test/Sarampion/Sarampion (31).png,Train/Sarampion/Sarampion (13).jpeg,False,False,2,Test,Train,Sarampion,Sarampion,,CANDIDATE ONLY; visual/source review required,,,,
Test/Sarampion/Sarampion (31).png,Train/Sarampion/Sarampion (16).jpg,False,False,2,Test,Train,Sarampion,Sarampion,,CANDIDATE ONLY; visual/source review required,,,,
Test/Sarampion/Sarampion (31).png,Train/Sarampion/Sarampion (55).png,False,False,2,Test,Train,Sarampion,Sarampion,,CANDIDATE ONLY; visual/source review required,,,,
Test/Sarampion/Sarampion (32).jpeg,Train/Sarampion/Sarampion (101).jpg,False,False,0,Test,Train,Sarampion,Sarampion,,CANDIDATE ONLY; visual/source review required,,,,
Test/Sarampion/Sarampion (32).jpg,Val/Sarampion/Sarampion (18).jpg,False,False,0,Test,Val,Sarampion,Sarampion,,CANDIDATE ONLY; visual/source review required,,,,
Test/Sarampion/Sarampion (33).jpg,Train/Sarampion/Sarampion (132).jpg,False,False,0,Test,Train,Sarampion,Sarampion,,CANDIDATE ONLY; visual/source review required,,,,
Test/Sarampion/Sarampion (33).png,Train/Sarampion/Sarampion (116).jpg,False,False,0,Test,Train,Sarampion,Sarampion,,CANDIDATE ONLY; visual/source review required,Test,Sarampion,,
Test/Sarampion/Sarampion (33).png,Val/Sarampion/Sarampion (2).jpeg,False,False,6,Test,Val,Sarampion,Sarampion,,CANDIDATE ONLY; visual/source review required,Test,Sarampion,Val,Sarampion
Test/Sarampion/Sarampion (4).jpg,Train/Sarampion/Sarampion (9).jpeg,False,False,0,Test,Train,Sarampion,Sarampion,,CANDIDATE ONLY; visual/source review required,,,,
Test/Sarampion/Sarampion (40).jpg,Val/Sarampion/Sarampion (19).jpeg,False,False,0,Test,Val,Sarampion,Sarampion,,CANDIDATE ONLY; visual/source review required,,,,
Test/Sarampion/Sarampion (40).jpg,Val/Sarampion/Sarampion (26).jpg,False,False,0,Test,Val,Sarampion,Sarampion,,CANDIDATE ONLY; visual/source review required,,,,
Test/Sarampion/Sarampion (47).png,Train/Sarampion/Sarampion (117).jpg,False,False,0,Test,Train,Sarampion,Sarampion,,CANDIDATE ONLY; visual/source review required,,,,
Test/Sarampion/Sarampion (49).png,Train/Sarampion/Sarampion (118).jpg,False,False,0,Test,Train,Sarampion,Sarampion,,CANDIDATE ONLY; visual/source review required,,,,
Test/Sarampion/Sarampion (49).png,Train/Sarampion/Sarampion (58).jpg,False,False,0,Test,Train,Sarampion,Sarampion,,CANDIDATE ONLY; visual/source review required,,,,
Test/Sarampion/Sarampion (49).png,Val/Sarampion/Sarampion (22).png,False,False,0,Test,Val,Sarampion,Sarampion,,CANDIDATE ONLY; visual/source review required,,,,
Test/Sarampion/Sarampion (49).png,Val/Sarampion/Sarampion (6).jpeg,False,False,0,Test,Val,Sarampion,Sarampion,,CANDIDATE ONLY; visual/source review required,,,,
Test/Sarampion/Sarampion (5).jpeg,Train/Sarampion/Sarampion (21).jpg,False,False,0,Test,Train,Sarampion,Sarampion,,CANDIDATE ONLY; visual/source review required,,,,
Test/Sarampion/Sarampion (5).jpg,Train/Sarampion/Sarampion (55).jpg,False,False,0,Test,Train,Sarampion,Sarampion,,CANDIDATE ONLY; visual/source review required,,,,
Test/Sarampion/Sarampion (50).jpg,Train/Sarampion/Sarampion (135).jpg,False,False,2,Test,Train,Sarampion,Sarampion,,CANDIDATE ONLY; visual/source review required,,,,
Test/Sarampion/Sarampion (50).jpg,Train/Sarampion/Sarampion (86).png,False,False,2,Test,Train,Sarampion,Sarampion,,CANDIDATE ONLY; visual/source review required,,,,
Test/Sarampion/Sarampion (9).jpg,Train/Sarampion/Sarampion (71).jpg,False,False,0,Test,Train,Sarampion,Sarampion,,CANDIDATE ONLY; visual/source review required,Test,Sarampion,Train,Sarampion
Test/Sarampion/Sarampion (9).jpg,Val/Sarampion/Sarampion (18).png,False,False,0,Test,Val,Sarampion,Sarampion,,CANDIDATE ONLY; visual/source review required,Test,Sarampion,Val,Sarampion
Test/Varicela/ChickenPox (31).png,Train/Varicela/ChickenPox (57).png,False,False,2,Test,Train,Varicela,Varicela,,CANDIDATE ONLY; visual/source review required,Test,Varicela,Train,Varicela
Test/Varicela/ChickenPox (35).png,Train/Varicela/ChickenPox (240).jpg,False,False,0,Test,Train,Varicela,Varicela,,CANDIDATE ONLY; visual/source review required,,,,
Test/Varicela/ChickenPox (35).png,Train/Varicela/ChickenPox (244).jpg,False,False,0,Test,Train,Varicela,Varicela,,CANDIDATE ONLY; visual/source review required,,,,
Test/Varicela/ChickenPox (41).png,Val/Varicela/ChickenPox (10).jpeg,False,False,6,Test,Val,Varicela,Varicela,,CANDIDATE ONLY; visual/source review required,,,Val,Varicela
Test/Varicela/ChickenPox (41).png,Val/Varicela/ChickenPox (2).png,False,False,6,Test,Val,Varicela,Varicela,,CANDIDATE ONLY; visual/source review required,,,,
Test/Varicela/ChickenPox (47).png,Val/Varicela/ChickenPox (10).png,False,False,0,Test,Val,Varicela,Varicela,,CANDIDATE ONLY; visual/source review required,,,,
Test/Varicela/ChickenPox (48).png,Train/Varicela/ChickenPox (133).jpg,False,False,2,Test,Train,Varicela,Varicela,,CANDIDATE ONLY; visual/source review required,,,Train,Varicela
Test/Varicela/ChickenPox (50).png,Train/Monkeypox/MonkeyPox (177).jpg,False,False,4,Test,Train,Varicela,Monkeypox,,CANDIDATE ONLY; visual/source review required,,,,
Test/Varicela/ChickenPox (50).png,Train/Varicela/ChickenPox (27).png,False,False,2,Test,Train,Varicela,Varicela,,CANDIDATE ONLY; visual/source review required,,,,
Test/Varicela/ChickenPox (54).jpg,Train/Varicela/ChickenPox (69).jpg,False,False,2,Test,Train,Varicela,Varicela,,CANDIDATE ONLY; visual/source review required,,,,
Test/Varicela/ChickenPox (65).png,Train/Varicela/ChickenPox (194).jpg,False,False,2,Test,Train,Varicela,Varicela,,CANDIDATE ONLY; visual/source review required,,,,
Test/Varicela/ChickenPox (83).jpg,Test/Varicela/ChickenPox (84).jpg,False,False,4,Test,Test,Varicela,Varicela,,CANDIDATE ONLY; visual/source review required,,,,
Test/Varicela/ChickenPox (87).jpg,Train/Varicela/ChickenPox (184).jpg,False,False,0,Test,Train,Varicela,Varicela,,CANDIDATE ONLY; visual/source review required,Test,Varicela,,
Test/Varicela/ChickenPox (88).jpg,Train/Varicela/ChickenPox (200).jpg,False,False,0,Test,Train,Varicela,Varicela,,CANDIDATE ONLY; visual/source review required,,,,
Train/Herpes/2024-06-24_21-00-53_4202.png,Train/Herpes/2024-06-24_23-00-35_5644.png,True,True,0,Train,Train,Herpes,Herpes,yes,exact decoded pixels,,,,
Train/Herpes/2024-06-24_21-04-28_5601.png,Train/Herpes/2024-06-24_22-59-02_9198.png,True,True,0,Train,Train,Herpes,Herpes,yes,exact decoded pixels,,,,
Train/Herpes/Herpes (129).jpg,Train/Varicela/ChickenPox (246).jpg,False,False,0,Train,Train,Herpes,Varicela,,CANDIDATE ONLY; visual/source review required,,,,
Train/Herpes/Herpes (135).jpg,Train/Herpes/Herpes (303).jpg,False,False,0,Train,Train,Herpes,Herpes,,CANDIDATE ONLY; visual/source review required,,,,
Train/Herpes/Herpes (136).jpg,Train/Herpes/Herpes (216).jpg,False,False,0,Train,Train,Herpes,Herpes,,CANDIDATE ONLY; visual/source review required,,,,
Train/Herpes/Herpes (14).jpeg,Train/Varicela/ChickenPox (137).jpg,True,True,0,Train,Train,Herpes,Varicela,yes,exact decoded pixels,,,,
Train/Herpes/Herpes (141).jpg,Train/Herpes/Herpes (225).jpg,False,False,2,Train,Train,Herpes,Herpes,,CANDIDATE ONLY; visual/source review required,,,,
Train/Herpes/Herpes (141).jpg,Train/Herpes/Herpes (288).jpg,False,False,2,Train,Train,Herpes,Herpes,,CANDIDATE ONLY; visual/source review required,,,,
Train/Herpes/Herpes (147).jpg,Train/Herpes/Herpes (302).jpg,False,False,0,Train,Train,Herpes,Herpes,,CANDIDATE ONLY; visual/source review required,,,,
Train/Herpes/Herpes (153).jpg,Train/Herpes/Herpes (8).png,False,False,0,Train,Train,Herpes,Herpes,,CANDIDATE ONLY; visual/source review required,,,,
Train/Herpes/Herpes (159).jpg,Val/Herpes/Herpes (10).jpeg,False,False,0,Train,Val,Herpes,Herpes,,CANDIDATE ONLY; visual/source review required,,,,
Train/Herpes/Herpes (165).jpg,Val/Herpes/Herpes (10).jpg,False,False,0,Train,Val,Herpes,Herpes,,CANDIDATE ONLY; visual/source review required,,,,
Train/Herpes/Herpes (167).jpg,Val/Herpes/Herpes (45).jpg,False,False,2,Train,Val,Herpes,Herpes,,CANDIDATE ONLY; visual/source review required,,,,
Train/Herpes/Herpes (17).jpeg,Val/Herpes/Herpes (49).jpg,False,False,0,Train,Val,Herpes,Herpes,,CANDIDATE ONLY; visual/source review required,,,,
Train/Herpes/Herpes (176).jpg,Train/Herpes/Herpes (274).jpg,False,False,2,Train,Train,Herpes,Herpes,,CANDIDATE ONLY; visual/source review required,,,,
Train/Herpes/Herpes (18).jpeg,Train/Herpes/Herpes (294).jpg,True,True,0,Train,Train,Herpes,Herpes,yes,exact decoded pixels,,,,
Train/Herpes/Herpes (18).jpeg,Val/Herpes/Herpes (34).jpg,False,False,2,Train,Val,Herpes,Herpes,,CANDIDATE ONLY; visual/source review required,,,,
Train/Herpes/Herpes (181).jpg,Val/Herpes/Herpes (60).jpg,False,False,0,Train,Val,Herpes,Herpes,,CANDIDATE ONLY; visual/source review required,,,,
Train/Herpes/Herpes (186).jpg,Val/Herpes/Herpes (6).jpg,False,False,0,Train,Val,Herpes,Herpes,,CANDIDATE ONLY; visual/source review required,,,,
Train/Herpes/Herpes (193).jpg,Val/Herpes/Herpes (48).jpg,False,False,0,Train,Val,Herpes,Herpes,,CANDIDATE ONLY; visual/source review required,,,,
Train/Herpes/Herpes (204).jpg,Val/Herpes/Herpes (47).jpg,False,False,0,Train,Val,Herpes,Herpes,,CANDIDATE ONLY; visual/source review required,,,,
Train/Herpes/Herpes (212).jpg,Val/Herpes/Herpes (7).jpg,False,False,0,Train,Val,Herpes,Herpes,,CANDIDATE ONLY; visual/source review required,,,,
Train/Herpes/Herpes (213).jpg,Train/Herpes/Herpes (94).jpg,False,False,2,Train,Train,Herpes,Herpes,,CANDIDATE ONLY; visual/source review required,,,,
Train/Herpes/Herpes (214).jpg,Train/Herpes/Herpes (273).jpg,False,False,6,Train,Train,Herpes,Herpes,,CANDIDATE ONLY; visual/source review required,,,,
Train/Herpes/Herpes (217).jpg,Val/Herpes/Herpes (7).jpeg,False,False,2,Train,Val,Herpes,Herpes,,CANDIDATE ONLY; visual/source review required,,,,
Train/Herpes/Herpes (225).jpg,Train/Herpes/Herpes (288).jpg,True,True,0,Train,Train,Herpes,Herpes,yes,exact decoded pixels,,,,
Train/Herpes/Herpes (228).jpg,Val/Herpes/Herpes (46).jpg,False,False,2,Train,Val,Herpes,Herpes,,CANDIDATE ONLY; visual/source review required,,,,
Train/Herpes/Herpes (237).jpg,Train/Herpes/Herpes (279).jpg,True,True,0,Train,Train,Herpes,Herpes,yes,exact decoded pixels,,,,
Train/Herpes/Herpes (238).jpg,Train/Herpes/Herpes (305).jpg,False,False,0,Train,Train,Herpes,Herpes,,CANDIDATE ONLY; visual/source review required,,,,
Train/Herpes/Herpes (246).jpg,Train/Herpes/Herpes (281).jpg,True,True,0,Train,Train,Herpes,Herpes,yes,exact decoded pixels,,,,
Train/Herpes/Herpes (249).jpg,Train/Herpes/Herpes (43).jpg,False,False,2,Train,Train,Herpes,Herpes,,CANDIDATE ONLY; visual/source review required,,,,
Train/Herpes/Herpes (25).jpeg,Val/Herpes/Herpes (20).jpg,False,False,2,Train,Val,Herpes,Herpes,,CANDIDATE ONLY; visual/source review required,,,,
Train/Herpes/Herpes (253).jpg,Val/Herpes/Herpes (2).png,False,False,0,Train,Val,Herpes,Herpes,,CANDIDATE ONLY; visual/source review required,,,,
Train/Herpes/Herpes (255).jpg,Train/Herpes/Herpes (289).jpg,True,True,0,Train,Train,Herpes,Herpes,yes,exact decoded pixels,,,,
Train/Herpes/Herpes (257).jpg,Train/Herpes/Herpes (275).jpg,False,False,2,Train,Train,Herpes,Herpes,,CANDIDATE ONLY; visual/source review required,,,,
Train/Herpes/Herpes (268).jpg,Train/Herpes/Herpes (295).jpg,True,True,0,Train,Train,Herpes,Herpes,yes,exact decoded pixels,,,,
Train/Herpes/Herpes (272).jpg,Val/Herpes/Herpes (61).jpg,False,False,2,Train,Val,Herpes,Herpes,,CANDIDATE ONLY; visual/source review required,,,,
Train/Herpes/Herpes (284).jpg,Train/Herpes/Herpes (306).jpg,False,False,2,Train,Train,Herpes,Herpes,,CANDIDATE ONLY; visual/source review required,,,,
Train/Herpes/Herpes (284).jpg,Val/Herpes/Herpes (15).jpeg,True,True,0,Train,Val,Herpes,Herpes,yes,exact decoded pixels,,,,
Train/Herpes/Herpes (286).jpg,Val/Herpes/Herpes (21).jpeg,False,False,0,Train,Val,Herpes,Herpes,,CANDIDATE ONLY; visual/source review required,,,,
Train/Herpes/Herpes (294).jpg,Val/Herpes/Herpes (34).jpg,False,False,2,Train,Val,Herpes,Herpes,,CANDIDATE ONLY; visual/source review required,,,,
Train/Herpes/Herpes (306).jpg,Val/Herpes/Herpes (15).jpeg,False,False,2,Train,Val,Herpes,Herpes,,CANDIDATE ONLY; visual/source review required,,,,
Train/Herpes/Herpes (40).jpg,Train/Monkeypox/MonkeyPox (165).png,False,False,0,Train,Train,Herpes,Monkeypox,,CANDIDATE ONLY; visual/source review required,,,,
Train/Herpes/Herpes (424).jpg,Train/Herpes/Herpes (429).jpg,False,False,4,Train,Train,Herpes,Herpes,,CANDIDATE ONLY; visual/source review required,,,,
Train/Herpes/Herpes (563).jpg,Train/Herpes/Herpes (564).jpg,False,False,0,Train,Train,Herpes,Herpes,,CANDIDATE ONLY; visual/source review required,,,,
Train/Herpes/Herpes (615).jpg,Train/Herpes/Herpes (616).jpg,False,False,6,Train,Train,Herpes,Herpes,,CANDIDATE ONLY; visual/source review required,,,,
Train/Herpes/Herpes (629).jpg,Train/Herpes/Herpes (630).jpg,False,False,2,Train,Train,Herpes,Herpes,,CANDIDATE ONLY; visual/source review required,,,,
Train/Melanoma/Melanoma (292).jpg,Train/Melanoma/Melanoma (439).jpg,False,False,4,Train,Train,Melanoma,Melanoma,,CANDIDATE ONLY; visual/source review required,,,Train,Melanoma
Train/Monkeypox/MonkeyPox (100).jpg,Train/Monkeypox/MonkeyPox (8).png,False,False,4,Train,Train,Monkeypox,Monkeypox,,CANDIDATE ONLY; visual/source review required,,,,
Train/Monkeypox/MonkeyPox (100).jpg,Train/Monkeypox/MonkeyPox (96).jpg,False,False,4,Train,Train,Monkeypox,Monkeypox,,CANDIDATE ONLY; visual/source review required,,,,
Train/Monkeypox/MonkeyPox (100).jpg,Train/Monkeypox/MonkeyPox (97).jpg,False,False,4,Train,Train,Monkeypox,Monkeypox,,CANDIDATE ONLY; visual/source review required,,,,
Train/Monkeypox/MonkeyPox (106).jpg,Train/Monkeypox/MonkeyPox (182).jpg,False,False,0,Train,Train,Monkeypox,Monkeypox,,CANDIDATE ONLY; visual/source review required,,,,
Train/Monkeypox/MonkeyPox (109).jpg,Train/Monkeypox/MonkeyPox (185).jpg,False,False,2,Train,Train,Monkeypox,Monkeypox,,CANDIDATE ONLY; visual/source review required,,,,
Train/Monkeypox/MonkeyPox (114).jpg,Train/Monkeypox/MonkeyPox (178).jpg,False,False,0,Train,Train,Monkeypox,Monkeypox,,CANDIDATE ONLY; visual/source review required,,,Train,Monkeypox
Train/Monkeypox/MonkeyPox (118).jpg,Train/Monkeypox/MonkeyPox (170).jpg,False,False,2,Train,Train,Monkeypox,Monkeypox,,CANDIDATE ONLY; visual/source review required,,,,
Train/Monkeypox/MonkeyPox (118).jpg,Val/Monkeypox/MonkeyPox (26).jpg,False,False,0,Train,Val,Monkeypox,Monkeypox,,CANDIDATE ONLY; visual/source review required,,,,
Train/Monkeypox/MonkeyPox (119).jpg,Train/Monkeypox/MonkeyPox (67).jpg,False,False,2,Train,Train,Monkeypox,Monkeypox,,CANDIDATE ONLY; visual/source review required,Train,Monkeypox,,
Train/Monkeypox/MonkeyPox (12).jpg,Val/Monkeypox/MonkeyPox (6).jpeg,False,False,0,Train,Val,Monkeypox,Monkeypox,,CANDIDATE ONLY; visual/source review required,,,,
Train/Monkeypox/MonkeyPox (126).jpg,Train/Monkeypox/MonkeyPox (127).jpg,False,False,2,Train,Train,Monkeypox,Monkeypox,,CANDIDATE ONLY; visual/source review required,,,,
Train/Monkeypox/MonkeyPox (13).jpeg,Val/Monkeypox/MonkeyPox (6).jpg,False,False,0,Train,Val,Monkeypox,Monkeypox,,CANDIDATE ONLY; visual/source review required,,,,
Train/Monkeypox/MonkeyPox (13).jpg,Train/Monkeypox/MonkeyPox (70).jpg,False,False,2,Train,Train,Monkeypox,Monkeypox,,CANDIDATE ONLY; visual/source review required,,,,
Train/Monkeypox/MonkeyPox (149).png,Train/Monkeypox/MonkeyPox (171).png,False,False,0,Train,Train,Monkeypox,Monkeypox,,CANDIDATE ONLY; visual/source review required,,,,
Train/Monkeypox/MonkeyPox (151).png,Train/Monkeypox/MonkeyPox (163).png,False,False,0,Train,Train,Monkeypox,Monkeypox,,CANDIDATE ONLY; visual/source review required,,,,
Train/Monkeypox/MonkeyPox (151).png,Train/Monkeypox/MonkeyPox (174).png,False,False,0,Train,Train,Monkeypox,Monkeypox,,CANDIDATE ONLY; visual/source review required,,,,
Train/Monkeypox/MonkeyPox (152).jpg,Train/Monkeypox/MonkeyPox (154).png,False,False,2,Train,Train,Monkeypox,Monkeypox,,CANDIDATE ONLY; visual/source review required,,,,
Train/Monkeypox/MonkeyPox (152).jpg,Train/Monkeypox/MonkeyPox (161).png,False,False,2,Train,Train,Monkeypox,Monkeypox,,CANDIDATE ONLY; visual/source review required,,,,
Train/Monkeypox/MonkeyPox (154).png,Train/Monkeypox/MonkeyPox (161).png,True,True,0,Train,Train,Monkeypox,Monkeypox,yes,exact decoded pixels,,,,
Train/Monkeypox/MonkeyPox (159).png,Train/Monkeypox/MonkeyPox (22).png,False,False,0,Train,Train,Monkeypox,Monkeypox,,CANDIDATE ONLY; visual/source review required,,,,
Train/Monkeypox/MonkeyPox (16).jpeg,Train/Monkeypox/MonkeyPox (58).jpg,False,False,0,Train,Train,Monkeypox,Monkeypox,,CANDIDATE ONLY; visual/source review required,,,,
Train/Monkeypox/MonkeyPox (162).png,Train/Monkeypox/MonkeyPox (57).png,False,False,2,Train,Train,Monkeypox,Monkeypox,,CANDIDATE ONLY; visual/source review required,,,,
Train/Monkeypox/MonkeyPox (163).jpg,Train/Monkeypox/MonkeyPox (77).jpg,False,False,4,Train,Train,Monkeypox,Monkeypox,,CANDIDATE ONLY; visual/source review required,,,,
Train/Monkeypox/MonkeyPox (163).png,Train/Monkeypox/MonkeyPox (174).png,False,False,0,Train,Train,Monkeypox,Monkeypox,,CANDIDATE ONLY; visual/source review required,,,,
Train/Monkeypox/MonkeyPox (164).jpg,Train/Monkeypox/MonkeyPox (45).jpg,False,False,4,Train,Train,Monkeypox,Monkeypox,,CANDIDATE ONLY; visual/source review required,,,,
Train/Monkeypox/MonkeyPox (164).jpg,Val/Monkeypox/MonkeyPox (2).jpeg,False,False,4,Train,Val,Monkeypox,Monkeypox,,CANDIDATE ONLY; visual/source review required,,,,
Train/Monkeypox/MonkeyPox (167).jpg,Train/Monkeypox/MonkeyPox (27).jpg,False,False,0,Train,Train,Monkeypox,Monkeypox,,CANDIDATE ONLY; visual/source review required,,,,
Train/Monkeypox/MonkeyPox (168).jpg,Train/Monkeypox/MonkeyPox (21).png,False,False,0,Train,Train,Monkeypox,Monkeypox,,CANDIDATE ONLY; visual/source review required,Train,Monkeypox,,
Train/Monkeypox/MonkeyPox (168).jpg,Train/Monkeypox/MonkeyPox (54).jpg,False,False,0,Train,Train,Monkeypox,Monkeypox,,CANDIDATE ONLY; visual/source review required,Train,Monkeypox,,
Train/Monkeypox/MonkeyPox (170).jpg,Val/Monkeypox/MonkeyPox (26).jpg,False,False,2,Train,Val,Monkeypox,Monkeypox,,CANDIDATE ONLY; visual/source review required,,,,
Train/Monkeypox/MonkeyPox (172).jpg,Train/Monkeypox/MonkeyPox (55).jpg,False,False,0,Train,Train,Monkeypox,Monkeypox,,CANDIDATE ONLY; visual/source review required,,,,
Train/Monkeypox/MonkeyPox (177).jpg,Train/Varicela/ChickenPox (27).png,False,False,4,Train,Train,Monkeypox,Varicela,,CANDIDATE ONLY; visual/source review required,,,,
Train/Monkeypox/MonkeyPox (180).jpg,Val/Monkeypox/MonkeyPox (31).jpg,False,False,0,Train,Val,Monkeypox,Monkeypox,,CANDIDATE ONLY; visual/source review required,,,,
Train/Monkeypox/MonkeyPox (183).jpg,Train/Monkeypox/MonkeyPox (83).jpg,False,False,0,Train,Train,Monkeypox,Monkeypox,,CANDIDATE ONLY; visual/source review required,Train,Monkeypox,,
Train/Monkeypox/MonkeyPox (186).jpg,Train/Monkeypox/MonkeyPox (35).jpg,False,False,0,Train,Train,Monkeypox,Monkeypox,,CANDIDATE ONLY; visual/source review required,,,,
Train/Monkeypox/MonkeyPox (187).jpg,Val/Monkeypox/MonkeyPox (32).jpg,False,False,0,Train,Val,Monkeypox,Monkeypox,,CANDIDATE ONLY; visual/source review required,,,,
Train/Monkeypox/MonkeyPox (189).jpg,Train/Monkeypox/MonkeyPox (84).jpg,False,False,0,Train,Train,Monkeypox,Monkeypox,,CANDIDATE ONLY; visual/source review required,,,,
Train/Monkeypox/MonkeyPox (190).jpg,Train/Monkeypox/MonkeyPox (65).jpg,False,False,0,Train,Train,Monkeypox,Monkeypox,,CANDIDATE ONLY; visual/source review required,,,,
Train/Monkeypox/MonkeyPox (21).png,Train/Monkeypox/MonkeyPox (54).jpg,False,False,0,Train,Train,Monkeypox,Monkeypox,,CANDIDATE ONLY; visual/source review required,,,,
Train/Monkeypox/MonkeyPox (24).jpg,Train/Varicela/ChickenPox (104).jpg,False,False,0,Train,Train,Monkeypox,Varicela,,CANDIDATE ONLY; visual/source review required,,,,
Train/Monkeypox/MonkeyPox (24).jpg,Train/Varicela/ChickenPox (249).jpg,False,False,0,Train,Train,Monkeypox,Varicela,,CANDIDATE ONLY; visual/source review required,,,,
Train/Monkeypox/MonkeyPox (24).jpg,Train/Varicela/ChickenPox (262).jpg,False,False,4,Train,Train,Monkeypox,Varicela,,CANDIDATE ONLY; visual/source review required,,,,
Train/Monkeypox/MonkeyPox (34).jpg,Train/Monkeypox/MonkeyPox (5).jpeg,False,False,0,Train,Train,Monkeypox,Monkeypox,,CANDIDATE ONLY; visual/source review required,,,,
Train/Monkeypox/MonkeyPox (45).jpg,Val/Monkeypox/MonkeyPox (2).jpeg,False,False,0,Train,Val,Monkeypox,Monkeypox,,CANDIDATE ONLY; visual/source review required,,,,
Train/Monkeypox/MonkeyPox (5).png,Train/Varicela/ChickenPox (130).jpg,False,False,0,Train,Train,Monkeypox,Varicela,,CANDIDATE ONLY; visual/source review required,,,,
Train/Monkeypox/MonkeyPox (5).png,Val/Monkeypox/MonkeyPox (38).jpg,False,False,0,Train,Val,Monkeypox,Monkeypox,,CANDIDATE ONLY; visual/source review required,,,,
Train/Monkeypox/MonkeyPox (5).png,Val/Monkeypox/MonkeyPox (7).jpeg,False,False,0,Train,Val,Monkeypox,Monkeypox,,CANDIDATE ONLY; visual/source review required,,,,
Train/Monkeypox/MonkeyPox (51).png,Val/Monkeypox/MonkeyPox (44).jpg,False,False,2,Train,Val,Monkeypox,Monkeypox,,CANDIDATE ONLY; visual/source review required,,,,
Train/Monkeypox/MonkeyPox (59).jpg,Train/Monkeypox/MonkeyPox.jpeg,False,False,0,Train,Train,Monkeypox,Monkeypox,,CANDIDATE ONLY; visual/source review required,,,,
Train/Monkeypox/MonkeyPox (60).jpg,Train/Monkeypox/MonkeyPox (71).jpg,False,False,4,Train,Train,Monkeypox,Monkeypox,,CANDIDATE ONLY; visual/source review required,,,,
Train/Monkeypox/MonkeyPox (60).jpg,Val/Monkeypox/MonkeyPox (10).jpg,False,False,0,Train,Val,Monkeypox,Monkeypox,,CANDIDATE ONLY; visual/source review required,,,,
Train/Monkeypox/MonkeyPox (71).jpg,Val/Monkeypox/MonkeyPox (10).jpg,False,False,4,Train,Val,Monkeypox,Monkeypox,,CANDIDATE ONLY; visual/source review required,,,,
Train/Monkeypox/MonkeyPox (8).jpeg,Val/Monkeypox/MonkeyPox (15).jpg,False,False,0,Train,Val,Monkeypox,Monkeypox,,CANDIDATE ONLY; visual/source review required,,,,
Train/Monkeypox/MonkeyPox (8).jpg,Val/Monkeypox/MonkeyPox (25).jpg,False,False,0,Train,Val,Monkeypox,Monkeypox,,CANDIDATE ONLY; visual/source review required,,,,
Train/Monkeypox/MonkeyPox (8).png,Train/Monkeypox/MonkeyPox (96).jpg,False,False,0,Train,Train,Monkeypox,Monkeypox,,CANDIDATE ONLY; visual/source review required,,,,
Train/Monkeypox/MonkeyPox (8).png,Train/Monkeypox/MonkeyPox (97).jpg,False,False,2,Train,Train,Monkeypox,Monkeypox,,CANDIDATE ONLY; visual/source review required,,,,
Train/Monkeypox/MonkeyPox (96).jpg,Train/Monkeypox/MonkeyPox (97).jpg,False,False,2,Train,Train,Monkeypox,Monkeypox,,CANDIDATE ONLY; visual/source review required,,,,
Train/Sarampion/Sarampion (100).png,Train/Sarampion/Sarampion (108).jpg,False,False,2,Train,Train,Sarampion,Sarampion,,CANDIDATE ONLY; visual/source review required,,,,
Train/Sarampion/Sarampion (100).png,Train/Sarampion/Sarampion (130).jpg,False,False,2,Train,Train,Sarampion,Sarampion,,CANDIDATE ONLY; visual/source review required,,,,
Train/Sarampion/Sarampion (100).png,Train/Sarampion/Sarampion (92).jpg,False,False,2,Train,Train,Sarampion,Sarampion,,CANDIDATE ONLY; visual/source review required,,,,
Train/Sarampion/Sarampion (101).png,Train/Sarampion/Sarampion (119).jpg,False,False,0,Train,Train,Sarampion,Sarampion,,CANDIDATE ONLY; visual/source review required,,,,
Train/Sarampion/Sarampion (101).png,Train/Sarampion/Sarampion (131).jpg,False,False,0,Train,Train,Sarampion,Sarampion,,CANDIDATE ONLY; visual/source review required,,,,
Train/Sarampion/Sarampion (101).png,Train/Sarampion/Sarampion (50).png,True,True,0,Train,Train,Sarampion,Sarampion,yes,exact decoded pixels,,,,
Train/Sarampion/Sarampion (102).jpg,Val/Sarampion/Sarampion (2).jpeg,False,False,6,Train,Val,Sarampion,Sarampion,,CANDIDATE ONLY; visual/source review required,Train,Sarampion,Val,Sarampion
Train/Sarampion/Sarampion (103).jpg,Val/Sarampion/Sarampion (7).jpg,False,False,2,Train,Val,Sarampion,Sarampion,,CANDIDATE ONLY; visual/source review required,,,,
Train/Sarampion/Sarampion (107).jpg,Val/Sarampion/Sarampion (40).png,False,False,0,Train,Val,Sarampion,Sarampion,,CANDIDATE ONLY; visual/source review required,Train,Sarampion,,
Train/Sarampion/Sarampion (108).jpg,Train/Sarampion/Sarampion (130).jpg,False,False,2,Train,Train,Sarampion,Sarampion,,CANDIDATE ONLY; visual/source review required,,,,
Train/Sarampion/Sarampion (108).jpg,Train/Sarampion/Sarampion (92).jpg,False,False,2,Train,Train,Sarampion,Sarampion,,CANDIDATE ONLY; visual/source review required,,,,
Train/Sarampion/Sarampion (109).jpg,Val/Sarampion/Sarampion (11).jpeg,False,False,0,Train,Val,Sarampion,Sarampion,,CANDIDATE ONLY; visual/source review required,,,,
Train/Sarampion/Sarampion (110).jpg,Train/Sarampion/Sarampion (75).jpg,False,False,0,Train,Train,Sarampion,Sarampion,,CANDIDATE ONLY; visual/source review required,,,,
Train/Sarampion/Sarampion (110).jpg,Val/Sarampion/Sarampion (26).png,False,False,0,Train,Val,Sarampion,Sarampion,,CANDIDATE ONLY; visual/source review required,,,,
Train/Sarampion/Sarampion (111).jpg,Train/Sarampion/Sarampion (27).png,False,False,0,Train,Train,Sarampion,Sarampion,,CANDIDATE ONLY; visual/source review required,,,,
Train/Sarampion/Sarampion (112).jpg,Train/Sarampion/Sarampion (156).jpg,False,False,6,Train,Train,Sarampion,Sarampion,,CANDIDATE ONLY; visual/source review required,,,Train,Sarampion
Train/Sarampion/Sarampion (112).jpg,Train/Sarampion/Sarampion (28).png,False,False,2,Train,Train,Sarampion,Sarampion,,CANDIDATE ONLY; visual/source review required,,,,
Train/Sarampion/Sarampion (112).jpg,Val/Sarampion/Sarampion (18).jpeg,False,False,6,Train,Val,Sarampion,Sarampion,,CANDIDATE ONLY; visual/source review required,,,,
Train/Sarampion/Sarampion (114).jpg,Val/Sarampion/Sarampion (30).png,False,False,0,Train,Val,Sarampion,Sarampion,,CANDIDATE ONLY; visual/source review required,,,,
Train/Sarampion/Sarampion (115).jpg,Train/Sarampion/Sarampion (120).jpg,False,False,2,Train,Train,Sarampion,Sarampion,,CANDIDATE ONLY; visual/source review required,,,,
Train/Sarampion/Sarampion (115).jpg,Train/Sarampion/Sarampion (13).jpeg,False,False,2,Train,Train,Sarampion,Sarampion,,CANDIDATE ONLY; visual/source review required,,,,
Train/Sarampion/Sarampion (115).jpg,Train/Sarampion/Sarampion (16).jpg,False,False,2,Train,Train,Sarampion,Sarampion,,CANDIDATE ONLY; visual/source review required,,,,
Train/Sarampion/Sarampion (115).jpg,Train/Sarampion/Sarampion (55).png,False,False,2,Train,Train,Sarampion,Sarampion,,CANDIDATE ONLY; visual/source review required,,,,
Train/Sarampion/Sarampion (116).jpg,Val/Sarampion/Sarampion (2).jpeg,False,False,6,Train,Val,Sarampion,Sarampion,,CANDIDATE ONLY; visual/source review required,,,Val,Sarampion
Train/Sarampion/Sarampion (118).jpg,Train/Sarampion/Sarampion (58).jpg,False,False,0,Train,Train,Sarampion,Sarampion,,CANDIDATE ONLY; visual/source review required,,,,
Train/Sarampion/Sarampion (118).jpg,Val/Sarampion/Sarampion (22).png,False,False,0,Train,Val,Sarampion,Sarampion,,CANDIDATE ONLY; visual/source review required,,,,
Train/Sarampion/Sarampion (118).jpg,Val/Sarampion/Sarampion (6).jpeg,False,False,0,Train,Val,Sarampion,Sarampion,,CANDIDATE ONLY; visual/source review required,,,,
Train/Sarampion/Sarampion (119).jpg,Train/Sarampion/Sarampion (131).jpg,True,True,0,Train,Train,Sarampion,Sarampion,yes,exact decoded pixels,,,,
Train/Sarampion/Sarampion (119).jpg,Train/Sarampion/Sarampion (50).png,False,False,0,Train,Train,Sarampion,Sarampion,,CANDIDATE ONLY; visual/source review required,,,,
Train/Sarampion/Sarampion (120).jpg,Train/Sarampion/Sarampion (13).jpeg,False,False,0,Train,Train,Sarampion,Sarampion,,CANDIDATE ONLY; visual/source review required,,,,
Train/Sarampion/Sarampion (120).jpg,Train/Sarampion/Sarampion (16).jpg,False,False,0,Train,Train,Sarampion,Sarampion,,CANDIDATE ONLY; visual/source review required,,,,
Train/Sarampion/Sarampion (120).jpg,Train/Sarampion/Sarampion (55).png,False,False,0,Train,Train,Sarampion,Sarampion,,CANDIDATE ONLY; visual/source review required,,,,
Train/Sarampion/Sarampion (121).jpg,Train/Sarampion/Sarampion (57).png,False,False,0,Train,Train,Sarampion,Sarampion,,CANDIDATE ONLY; visual/source review required,,,,
Train/Sarampion/Sarampion (122).jpg,Train/Sarampion/Sarampion (58).png,False,False,2,Train,Train,Sarampion,Sarampion,,CANDIDATE ONLY; visual/source review required,Train,Sarampion,Train,Sarampion
Train/Sarampion/Sarampion (123).jpg,Train/Sarampion/Sarampion (61).png,False,False,0,Train,Train,Sarampion,Sarampion,,CANDIDATE ONLY; visual/source review required,Train,Sarampion,,
Train/Sarampion/Sarampion (124).jpg,Train/Sarampion/Sarampion (152).jpg,False,False,0,Train,Train,Sarampion,Sarampion,,CANDIDATE ONLY; visual/source review required,,,,
Train/Sarampion/Sarampion (124).jpg,Train/Sarampion/Sarampion (78).png,False,False,0,Train,Train,Sarampion,Sarampion,,CANDIDATE ONLY; visual/source review required,,,,
Train/Sarampion/Sarampion (125).jpg,Train/Sarampion/Sarampion (142).jpg,False,False,0,Train,Train,Sarampion,Sarampion,,CANDIDATE ONLY; visual/source review required,,,,
Train/Sarampion/Sarampion (125).jpg,Train/Sarampion/Sarampion (92).png,False,False,0,Train,Train,Sarampion,Sarampion,,CANDIDATE ONLY; visual/source review required,,,,
Train/Sarampion/Sarampion (126).jpg,Train/Sarampion/Sarampion (143).jpg,False,False,0,Train,Train,Sarampion,Sarampion,,CANDIDATE ONLY; visual/source review required,,,,
Train/Sarampion/Sarampion (126).jpg,Train/Sarampion/Sarampion (93).png,False,False,0,Train,Train,Sarampion,Sarampion,,CANDIDATE ONLY; visual/source review required,,,,
Train/Sarampion/Sarampion (127).jpg,Train/Sarampion/Sarampion (144).jpg,False,False,0,Train,Train,Sarampion,Sarampion,,CANDIDATE ONLY; visual/source review required,,,,
Train/Sarampion/Sarampion (127).jpg,Train/Sarampion/Sarampion (94).png,False,False,0,Train,Train,Sarampion,Sarampion,,CANDIDATE ONLY; visual/source review required,,,,
Train/Sarampion/Sarampion (128).jpg,Train/Sarampion/Sarampion (145).jpg,False,False,0,Train,Train,Sarampion,Sarampion,,CANDIDATE ONLY; visual/source review required,,,,
Train/Sarampion/Sarampion (128).jpg,Train/Sarampion/Sarampion (95).png,False,False,0,Train,Train,Sarampion,Sarampion,,CANDIDATE ONLY; visual/source review required,,,,
Train/Sarampion/Sarampion (129).jpg,Train/Sarampion/Sarampion (146).jpg,False,False,2,Train,Train,Sarampion,Sarampion,,CANDIDATE ONLY; visual/source review required,,,,
Train/Sarampion/Sarampion (129).jpg,Train/Sarampion/Sarampion (96).png,False,False,2,Train,Train,Sarampion,Sarampion,,CANDIDATE ONLY; visual/source review required,,,,
Train/Sarampion/Sarampion (13).jpeg,Train/Sarampion/Sarampion (16).jpg,False,False,0,Train,Train,Sarampion,Sarampion,,CANDIDATE ONLY; visual/source review required,,,,
Train/Sarampion/Sarampion (13).jpeg,Train/Sarampion/Sarampion (55).png,False,False,0,Train,Train,Sarampion,Sarampion,,CANDIDATE ONLY; visual/source review required,,,,
Train/Sarampion/Sarampion (130).jpg,Train/Sarampion/Sarampion (92).jpg,False,False,0,Train,Train,Sarampion,Sarampion,,CANDIDATE ONLY; visual/source review required,,,,
Train/Sarampion/Sarampion (131).jpg,Train/Sarampion/Sarampion (50).png,False,False,0,Train,Train,Sarampion,Sarampion,,CANDIDATE ONLY; visual/source review required,,,,
Train/Sarampion/Sarampion (133).jpg,Train/Sarampion/Sarampion (67).jpg,False,False,0,Train,Train,Sarampion,Sarampion,,CANDIDATE ONLY; visual/source review required,Train,Sarampion,Train,Sarampion
Train/Sarampion/Sarampion (134).jpg,Train/Sarampion/Sarampion (82).png,False,False,0,Train,Train,Sarampion,Sarampion,,CANDIDATE ONLY; visual/source review required,,,,
Train/Sarampion/Sarampion (135).jpg,Train/Sarampion/Sarampion (86).png,False,False,0,Train,Train,Sarampion,Sarampion,,CANDIDATE ONLY; visual/source review required,,,,
Train/Sarampion/Sarampion (136).jpg,Train/Sarampion/Sarampion (87).png,False,False,0,Train,Train,Sarampion,Sarampion,,CANDIDATE ONLY; visual/source review required,,,,
Train/Sarampion/Sarampion (137).jpg,Train/Sarampion/Sarampion (88).png,False,False,0,Train,Train,Sarampion,Sarampion,,CANDIDATE ONLY; visual/source review required,,,,
Train/Sarampion/Sarampion (138).jpg,Train/Sarampion/Sarampion (15).png,False,False,0,Train,Train,Sarampion,Sarampion,,CANDIDATE ONLY; visual/source review required,Train,Sarampion,,
Train/Sarampion/Sarampion (138).jpg,Train/Sarampion/Sarampion (89).png,False,False,0,Train,Train,Sarampion,Sarampion,,CANDIDATE ONLY; visual/source review required,Train,Sarampion,,
Train/Sarampion/Sarampion (140).jpg,Train/Sarampion/Sarampion (90).png,False,False,0,Train,Train,Sarampion,Sarampion,,CANDIDATE ONLY; visual/source review required,,,,
Train/Sarampion/Sarampion (141).jpg,Train/Sarampion/Sarampion (91).png,False,False,0,Train,Train,Sarampion,Sarampion,,CANDIDATE ONLY; visual/source review required,,,,
Train/Sarampion/Sarampion (142).jpg,Train/Sarampion/Sarampion (92).png,False,False,0,Train,Train,Sarampion,Sarampion,,CANDIDATE ONLY; visual/source review required,,,,
Train/Sarampion/Sarampion (143).jpg,Train/Sarampion/Sarampion (93).png,False,False,0,Train,Train,Sarampion,Sarampion,,CANDIDATE ONLY; visual/source review required,,,,
Train/Sarampion/Sarampion (144).jpg,Train/Sarampion/Sarampion (94).png,False,False,0,Train,Train,Sarampion,Sarampion,,CANDIDATE ONLY; visual/source review required,,,,
Train/Sarampion/Sarampion (145).jpg,Train/Sarampion/Sarampion (95).png,False,False,0,Train,Train,Sarampion,Sarampion,,CANDIDATE ONLY; visual/source review required,,,,
Train/Sarampion/Sarampion (146).jpg,Train/Sarampion/Sarampion (96).png,False,False,0,Train,Train,Sarampion,Sarampion,,CANDIDATE ONLY; visual/source review required,,,,
Train/Sarampion/Sarampion (147).jpg,Train/Sarampion/Sarampion (97).png,False,False,0,Train,Train,Sarampion,Sarampion,,CANDIDATE ONLY; visual/source review required,,,,
Train/Sarampion/Sarampion (148).jpg,Train/Sarampion/Sarampion (98).png,False,False,0,Train,Train,Sarampion,Sarampion,,CANDIDATE ONLY; visual/source review required,,,,
Train/Sarampion/Sarampion (149).jpg,Train/Sarampion/Sarampion (99).png,False,False,0,Train,Train,Sarampion,Sarampion,,CANDIDATE ONLY; visual/source review required,,,,
Train/Sarampion/Sarampion (15).png,Train/Sarampion/Sarampion (89).png,False,False,0,Train,Train,Sarampion,Sarampion,,CANDIDATE ONLY; visual/source review required,,,,
Train/Sarampion/Sarampion (150).jpg,Train/Sarampion/Sarampion (72).png,False,False,0,Train,Train,Sarampion,Sarampion,,CANDIDATE ONLY; visual/source review required,,,,
Train/Sarampion/Sarampion (151).jpg,Train/Sarampion/Sarampion (77).png,False,False,0,Train,Train,Sarampion,Sarampion,,CANDIDATE ONLY; visual/source review required,,,,
Train/Sarampion/Sarampion (152).jpg,Train/Sarampion/Sarampion (78).png,False,False,0,Train,Train,Sarampion,Sarampion,,CANDIDATE ONLY; visual/source review required,,,,
Train/Sarampion/Sarampion (153).jpg,Train/Sarampion/Sarampion (21).png,False,False,0,Train,Train,Sarampion,Sarampion,,CANDIDATE ONLY; visual/source review required,,,,
Train/Sarampion/Sarampion (153).jpg,Val/Sarampion/Sarampion (15).jpeg,False,False,0,Train,Val,Sarampion,Sarampion,,CANDIDATE ONLY; visual/source review required,,,,
Train/Sarampion/Sarampion (155).jpg,Train/Sarampion/Sarampion (37).jpg,False,False,0,Train,Train,Sarampion,Sarampion,,CANDIDATE ONLY; visual/source review required,,,,
Train/Sarampion/Sarampion (156).jpg,Train/Sarampion/Sarampion (28).png,False,False,6,Train,Train,Sarampion,Sarampion,,CANDIDATE ONLY; visual/source review required,Train,Sarampion,,
Train/Sarampion/Sarampion (156).jpg,Val/Sarampion/Sarampion (18).jpeg,False,False,0,Train,Val,Sarampion,Sarampion,,CANDIDATE ONLY; visual/source review required,Train,Sarampion,,
Train/Sarampion/Sarampion (158).jpg,Val/Sarampion/Sarampion (14).jpeg,False,False,4,Train,Val,Sarampion,Sarampion,,CANDIDATE ONLY; visual/source review required,,,Val,Sarampion
Train/Sarampion/Sarampion (159).jpg,Train/Sarampion/Sarampion (91).jpg,False,False,2,Train,Train,Sarampion,Sarampion,,CANDIDATE ONLY; visual/source review required,,,,
Train/Sarampion/Sarampion (16).jpeg,Val/Sarampion/Sarampion (3).jpg,False,False,0,Train,Val,Sarampion,Sarampion,,CANDIDATE ONLY; visual/source review required,,,,
Train/Sarampion/Sarampion (16).jpg,Train/Sarampion/Sarampion (55).png,False,False,0,Train,Train,Sarampion,Sarampion,,CANDIDATE ONLY; visual/source review required,,,,
Train/Sarampion/Sarampion (160).jpg,Val/Sarampion/Sarampion (10).jpeg,False,False,0,Train,Val,Sarampion,Sarampion,,CANDIDATE ONLY; visual/source review required,,,,
Train/Sarampion/Sarampion (20).jpg,Train/Sarampion/Sarampion (87).jpg,False,False,0,Train,Train,Sarampion,Sarampion,,CANDIDATE ONLY; visual/source review required,,,,
Train/Sarampion/Sarampion (20).jpg,Train/Sarampion/Sarampion (88).jpg,False,False,6,Train,Train,Sarampion,Sarampion,,CANDIDATE ONLY; visual/source review required,,,,
Train/Sarampion/Sarampion (21).png,Val/Sarampion/Sarampion (15).jpeg,False,False,0,Train,Val,Sarampion,Sarampion,,CANDIDATE ONLY; visual/source review required,,,,
Train/Sarampion/Sarampion (28).jpg,Train/Sarampion/Sarampion (56).png,False,False,6,Train,Train,Sarampion,Sarampion,,CANDIDATE ONLY; visual/source review required,,,,
Train/Sarampion/Sarampion (28).png,Val/Sarampion/Sarampion (18).jpeg,False,False,6,Train,Val,Sarampion,Sarampion,,CANDIDATE ONLY; visual/source review required,,,,
Train/Sarampion/Sarampion (29).jpg,Train/Sarampion/Sarampion (76).jpg,False,False,0,Train,Train,Sarampion,Sarampion,,CANDIDATE ONLY; visual/source review required,,,,
Train/Sarampion/Sarampion (34).jpg,Train/Sarampion/Sarampion (58).png,False,False,6,Train,Train,Sarampion,Sarampion,,CANDIDATE ONLY; visual/source review required,Train,Sarampion,Train,Sarampion
Train/Sarampion/Sarampion (44).png,Train/Sarampion/Sarampion (45).jpg,False,False,0,Train,Train,Sarampion,Sarampion,,CANDIDATE ONLY; visual/source review required,,,Train,Sarampion
Train/Sarampion/Sarampion (51).jpg,Train/Sarampion/Sarampion (52).png,False,False,0,Train,Train,Sarampion,Sarampion,,CANDIDATE ONLY; visual/source review required,,,,
Train/Sarampion/Sarampion (51).png,Train/Sarampion/Sarampion (8).jpeg,False,False,2,Train,Train,Sarampion,Sarampion,,CANDIDATE ONLY; visual/source review required,,,,
Train/Sarampion/Sarampion (54).png,Val/Sarampion/Sarampion (14).jpg,False,False,2,Train,Val,Sarampion,Sarampion,,CANDIDATE ONLY; visual/source review required,,,,
Train/Sarampion/Sarampion (58).jpg,Val/Sarampion/Sarampion (22).png,False,False,0,Train,Val,Sarampion,Sarampion,,CANDIDATE ONLY; visual/source review required,,,,
Train/Sarampion/Sarampion (58).jpg,Val/Sarampion/Sarampion (6).jpeg,False,False,0,Train,Val,Sarampion,Sarampion,,CANDIDATE ONLY; visual/source review required,,,,
Train/Sarampion/Sarampion (65).jpg,Val/Sarampion/Sarampion (2).jpg,False,False,0,Train,Val,Sarampion,Sarampion,,CANDIDATE ONLY; visual/source review required,,,,
Train/Sarampion/Sarampion (71).jpg,Val/Sarampion/Sarampion (18).png,False,False,0,Train,Val,Sarampion,Sarampion,,CANDIDATE ONLY; visual/source review required,Train,Sarampion,Val,Sarampion
Train/Sarampion/Sarampion (75).jpg,Val/Sarampion/Sarampion (26).png,False,False,0,Train,Val,Sarampion,Sarampion,,CANDIDATE ONLY; visual/source review required,,,,
Train/Sarampion/Sarampion (81).jpg,Train/Sarampion/Sarampion.jpg,False,False,0,Train,Train,Sarampion,Sarampion,,CANDIDATE ONLY; visual/source review required,,,,
Train/Sarampion/Sarampion (85).jpg,Val/Sarampion/Sarampion (10).jpg,False,False,0,Train,Val,Sarampion,Sarampion,,CANDIDATE ONLY; visual/source review required,Train,Sarampion,,
Train/Sarampion/Sarampion (87).jpg,Train/Sarampion/Sarampion (88).jpg,False,False,6,Train,Train,Sarampion,Sarampion,,CANDIDATE ONLY; visual/source review required,,,,
Train/Sarampion/Sarampion (89).jpg,Val/Sarampion/Sarampion (15).jpg,False,False,2,Train,Val,Sarampion,Sarampion,,CANDIDATE ONLY; visual/source review required,,,,
Train/Sarampion/Sarampion (98).jpg,Val/Sarampion/Sarampion (19).jpg,False,False,2,Train,Val,Sarampion,Sarampion,,CANDIDATE ONLY; visual/source review required,,,,
Train/Varicela/2024-06-26_21-06-29_5345.png,Train/Varicela/2024-06-26_21-50-05_2915.png,False,False,6,Train,Train,Varicela,Varicela,,CANDIDATE ONLY; visual/source review required,Train,Varicela,Train,Varicela
Train/Varicela/ChickenPox (100).jpg,Train/Varicela/ChickenPox (245).jpg,False,False,0,Train,Train,Varicela,Varicela,,CANDIDATE ONLY; visual/source review required,,,,
Train/Varicela/ChickenPox (101).jpg,Train/Varicela/ChickenPox (203).jpg,False,False,0,Train,Train,Varicela,Varicela,,CANDIDATE ONLY; visual/source review required,,,,
Train/Varicela/ChickenPox (102).jpg,Train/Varicela/ChickenPox (189).jpg,False,False,2,Train,Train,Varicela,Varicela,,CANDIDATE ONLY; visual/source review required,,,,
Train/Varicela/ChickenPox (102).jpg,Train/Varicela/ChickenPox (217).jpg,False,False,0,Train,Train,Varicela,Varicela,,CANDIDATE ONLY; visual/source review required,,,,
Train/Varicela/ChickenPox (102).jpg,Train/Varicela/ChickenPox (270).jpg,False,False,6,Train,Train,Varicela,Varicela,,CANDIDATE ONLY; visual/source review required,,,,
Train/Varicela/ChickenPox (102).jpg,Val/Varicela/ChickenPox (7).jpeg,False,False,2,Train,Val,Varicela,Varicela,,CANDIDATE ONLY; visual/source review required,,,,
Train/Varicela/ChickenPox (103).jpg,Val/Varicela/ChickenPox (13).jpeg,False,False,0,Train,Val,Varicela,Varicela,,CANDIDATE ONLY; visual/source review required,,,,
Train/Varicela/ChickenPox (104).jpg,Train/Varicela/ChickenPox (249).jpg,False,False,0,Train,Train,Varicela,Varicela,,CANDIDATE ONLY; visual/source review required,,,,
Train/Varicela/ChickenPox (104).jpg,Train/Varicela/ChickenPox (262).jpg,False,False,4,Train,Train,Varicela,Varicela,,CANDIDATE ONLY; visual/source review required,,,,
Train/Varicela/ChickenPox (124).jpg,Train/Varicela/ChickenPox (215).jpg,False,False,0,Train,Train,Varicela,Varicela,,CANDIDATE ONLY; visual/source review required,Train,Varicela,,
Train/Varicela/ChickenPox (125).jpg,Train/Varicela/ChickenPox (34).png,False,False,2,Train,Train,Varicela,Varicela,,CANDIDATE ONLY; visual/source review required,,,,
Train/Varicela/ChickenPox (128).jpg,Train/Varicela/ChickenPox (238).jpg,False,False,2,Train,Train,Varicela,Varicela,,CANDIDATE ONLY; visual/source review required,,,,
Train/Varicela/ChickenPox (128).jpg,Train/Varicela/ChickenPox (92).jpg,False,False,0,Train,Train,Varicela,Varicela,,CANDIDATE ONLY; visual/source review required,,,,
Train/Varicela/ChickenPox (128).jpg,Train/Varicela/ChickenPox.jpeg,False,False,2,Train,Train,Varicela,Varicela,,CANDIDATE ONLY; visual/source review required,,,,
Train/Varicela/ChickenPox (128).jpg,Val/Varicela/ChickenPox (6).jpeg,False,False,0,Train,Val,Varicela,Varicela,,CANDIDATE ONLY; visual/source review required,,,,
Train/Varicela/ChickenPox (130).jpg,Val/Monkeypox/MonkeyPox (38).jpg,False,False,0,Train,Val,Varicela,Monkeypox,,CANDIDATE ONLY; visual/source review required,,,,
Train/Varicela/ChickenPox (130).jpg,Val/Monkeypox/MonkeyPox (7).jpeg,False,False,0,Train,Val,Varicela,Monkeypox,,CANDIDATE ONLY; visual/source review required,,,,
Train/Varicela/ChickenPox (131).jpg,Train/Varicela/ChickenPox (276).jpg,False,False,0,Train,Train,Varicela,Varicela,,CANDIDATE ONLY; visual/source review required,,,,
Train/Varicela/ChickenPox (132).jpg,Val/Varicela/ChickenPox (4).jpg,False,False,0,Train,Val,Varicela,Varicela,,CANDIDATE ONLY; visual/source review required,Train,Varicela,,
Train/Varicela/ChickenPox (142).jpg,Train/Varicela/ChickenPox (96).jpg,False,False,0,Train,Train,Varicela,Varicela,,CANDIDATE ONLY; visual/source review required,,,,
Train/Varicela/ChickenPox (160).jpg,Val/Varicela/ChickenPox (4).png,False,False,0,Train,Val,Varicela,Varicela,,CANDIDATE ONLY; visual/source review required,,,,
Train/Varicela/ChickenPox (172).jpg,Train/Varicela/ChickenPox (213).jpg,False,False,2,Train,Train,Varicela,Varicela,,CANDIDATE ONLY; visual/source review required,,,,
Train/Varicela/ChickenPox (172).jpg,Val/Varicela/ChickenPox (11).jpg,False,False,2,Train,Val,Varicela,Varicela,,CANDIDATE ONLY; visual/source review required,,,,
Train/Varicela/ChickenPox (172).jpg,Val/Varicela/ChickenPox (4).jpeg,False,False,2,Train,Val,Varicela,Varicela,,CANDIDATE ONLY; visual/source review required,,,,
Train/Varicela/ChickenPox (175).jpg,Val/Varicela/ChickenPox (9).png,False,False,4,Train,Val,Varicela,Varicela,,CANDIDATE ONLY; visual/source review required,,,,
Train/Varicela/ChickenPox (187).jpg,Val/Varicela/ChickenPox (14).jpg,False,False,0,Train,Val,Varicela,Varicela,,CANDIDATE ONLY; visual/source review required,Train,Varicela,,
Train/Varicela/ChickenPox (189).jpg,Train/Varicela/ChickenPox (217).jpg,False,False,2,Train,Train,Varicela,Varicela,,CANDIDATE ONLY; visual/source review required,,,,
Train/Varicela/ChickenPox (189).jpg,Train/Varicela/ChickenPox (270).jpg,False,False,6,Train,Train,Varicela,Varicela,,CANDIDATE ONLY; visual/source review required,,,,
Train/Varicela/ChickenPox (189).jpg,Val/Varicela/ChickenPox (7).jpeg,False,False,2,Train,Val,Varicela,Varicela,,CANDIDATE ONLY; visual/source review required,,,,
Train/Varicela/ChickenPox (191).jpg,Train/Varicela/ChickenPox (260).jpg,False,False,4,Train,Train,Varicela,Varicela,,CANDIDATE ONLY; visual/source review required,,,,
Train/Varicela/ChickenPox (192).jpg,Train/Varicela/ChickenPox (59).png,False,False,0,Train,Train,Varicela,Varicela,,CANDIDATE ONLY; visual/source review required,Train,Varicela,Train,Varicela
Train/Varicela/ChickenPox (195).jpg,Train/Varicela/ChickenPox (93).jpg,False,False,0,Train,Train,Varicela,Varicela,,CANDIDATE ONLY; visual/source review required,,,,
Train/Varicela/ChickenPox (196).jpg,Val/Varicela/ChickenPox (16).jpg,False,False,2,Train,Val,Varicela,Varicela,,CANDIDATE ONLY; visual/source review required,,,,
Train/Varicela/ChickenPox (198).jpg,Train/Varicela/ChickenPox (279).jpg,False,False,0,Train,Train,Varicela,Varicela,,CANDIDATE ONLY; visual/source review required,,,Train,Varicela
Train/Varicela/ChickenPox (202).jpg,Train/Varicela/ChickenPox (283).jpg,False,False,0,Train,Train,Varicela,Varicela,,CANDIDATE ONLY; visual/source review required,,,,
Train/Varicela/ChickenPox (213).jpg,Val/Varicela/ChickenPox (11).jpg,False,False,0,Train,Val,Varicela,Varicela,,CANDIDATE ONLY; visual/source review required,,,,
Train/Varicela/ChickenPox (213).jpg,Val/Varicela/ChickenPox (4).jpeg,False,False,0,Train,Val,Varicela,Varicela,,CANDIDATE ONLY; visual/source review required,,,,
Train/Varicela/ChickenPox (214).jpg,Val/Varicela/ChickenPox (13).jpg,False,False,0,Train,Val,Varicela,Varicela,,CANDIDATE ONLY; visual/source review required,,,,
Train/Varicela/ChickenPox (217).jpg,Train/Varicela/ChickenPox (270).jpg,False,False,6,Train,Train,Varicela,Varicela,,CANDIDATE ONLY; visual/source review required,,,,
Train/Varicela/ChickenPox (217).jpg,Val/Varicela/ChickenPox (7).jpeg,False,False,2,Train,Val,Varicela,Varicela,,CANDIDATE ONLY; visual/source review required,,,,
Train/Varicela/ChickenPox (219).jpg,Val/Varicela/ChickenPox (9).jpg,False,False,0,Train,Val,Varicela,Varicela,,CANDIDATE ONLY; visual/source review required,,,Val,Varicela
Train/Varicela/ChickenPox (225).jpg,Val/Varicela/ChickenPox (5).jpg,False,False,0,Train,Val,Varicela,Varicela,,CANDIDATE ONLY; visual/source review required,Train,Varicela,Val,Varicela
Train/Varicela/ChickenPox (230).jpg,Train/Varicela/ChickenPox (275).jpg,False,False,0,Train,Train,Varicela,Varicela,,CANDIDATE ONLY; visual/source review required,,,,
Train/Varicela/ChickenPox (238).jpg,Train/Varicela/ChickenPox (92).jpg,False,False,2,Train,Train,Varicela,Varicela,,CANDIDATE ONLY; visual/source review required,,,,
Train/Varicela/ChickenPox (238).jpg,Train/Varicela/ChickenPox.jpeg,False,False,2,Train,Train,Varicela,Varicela,,CANDIDATE ONLY; visual/source review required,,,,
Train/Varicela/ChickenPox (238).jpg,Val/Varicela/ChickenPox (6).jpeg,False,False,2,Train,Val,Varicela,Varicela,,CANDIDATE ONLY; visual/source review required,,,,
Train/Varicela/ChickenPox (240).jpg,Train/Varicela/ChickenPox (244).jpg,True,True,0,Train,Train,Varicela,Varicela,yes,exact decoded pixels,,,,
Train/Varicela/ChickenPox (247).jpg,Train/Varicela/ChickenPox (255).jpg,False,False,6,Train,Train,Varicela,Varicela,,CANDIDATE ONLY; visual/source review required,,,Train,Varicela
Train/Varicela/ChickenPox (249).jpg,Train/Varicela/ChickenPox (262).jpg,False,False,4,Train,Train,Varicela,Varicela,,CANDIDATE ONLY; visual/source review required,,,,
Train/Varicela/ChickenPox (250).jpg,Val/Varicela/ChickenPox (2).jpg,False,False,4,Train,Val,Varicela,Varicela,,CANDIDATE ONLY; visual/source review required,,,,
Train/Varicela/ChickenPox (256).jpg,Val/Varicela/ChickenPox (17).png,False,False,2,Train,Val,Varicela,Varicela,,CANDIDATE ONLY; visual/source review required,,,,
Train/Varicela/ChickenPox (274).jpg,Val/Varicela/ChickenPox (3).jpeg,False,False,0,Train,Val,Varicela,Varicela,,CANDIDATE ONLY; visual/source review required,,,,
Train/Varicela/ChickenPox (282).jpg,Val/Varicela/ChickenPox (5).png,False,False,6,Train,Val,Varicela,Varicela,,CANDIDATE ONLY; visual/source review required,,,,
Train/Varicela/ChickenPox (282).jpg,Val/Varicela/ChickenPox (9).jpeg,False,False,0,Train,Val,Varicela,Varicela,,CANDIDATE ONLY; visual/source review required,,,,
Train/Varicela/ChickenPox (284).jpg,Val/Varicela/ChickenPox (8).jpeg,False,False,0,Train,Val,Varicela,Varicela,,CANDIDATE ONLY; visual/source review required,,,,
Train/Varicela/ChickenPox (92).jpg,Train/Varicela/ChickenPox.jpeg,False,False,2,Train,Train,Varicela,Varicela,,CANDIDATE ONLY; visual/source review required,,,,
Train/Varicela/ChickenPox (92).jpg,Val/Varicela/ChickenPox (6).jpeg,False,False,0,Train,Val,Varicela,Varicela,,CANDIDATE ONLY; visual/source review required,,,,
Train/Varicela/ChickenPox.jpeg,Val/Varicela/ChickenPox (6).jpeg,False,False,2,Train,Val,Varicela,Varicela,,CANDIDATE ONLY; visual/source review required,,,,
Val/Herpes/Herpes (14).jpg,Val/Herpes/Herpes (22).jpeg,False,False,0,Val,Val,Herpes,Herpes,,CANDIDATE ONLY; visual/source review required,,,,
Val/Monkeypox/MonkeyPox (38).jpg,Val/Monkeypox/MonkeyPox (7).jpeg,False,False,0,Val,Val,Monkeypox,Monkeypox,,CANDIDATE ONLY; visual/source review required,,,,
Val/Sarampion/Sarampion (11).jpg,Val/Sarampion/Sarampion (3).jpeg,False,False,0,Val,Val,Sarampion,Sarampion,,CANDIDATE ONLY; visual/source review required,,,,
Val/Sarampion/Sarampion (19).jpeg,Val/Sarampion/Sarampion (26).jpg,False,False,0,Val,Val,Sarampion,Sarampion,,CANDIDATE ONLY; visual/source review required,,,,
Val/Sarampion/Sarampion (22).png,Val/Sarampion/Sarampion (6).jpeg,False,False,0,Val,Val,Sarampion,Sarampion,,CANDIDATE ONLY; visual/source review required,,,,
Val/Varicela/ChickenPox (10).jpeg,Val/Varicela/ChickenPox (2).png,False,False,0,Val,Val,Varicela,Varicela,,CANDIDATE ONLY; visual/source review required,Val,Varicela,,
Val/Varicela/ChickenPox (11).jpg,Val/Varicela/ChickenPox (4).jpeg,False,False,0,Val,Val,Varicela,Varicela,,CANDIDATE ONLY; visual/source review required,,,,
Val/Varicela/ChickenPox (14).jpeg,Val/Varicela/ChickenPox (8).jpg,False,False,2,Val,Val,Varicela,Varicela,,CANDIDATE ONLY; visual/source review required,,,,
Val/Varicela/ChickenPox (15).png,Val/Varicela/ChickenPox (16).png,True,True,0,Val,Val,Varicela,Varicela,yes,exact decoded pixels,,,,
Val/Varicela/ChickenPox (2).jpeg,Val/Varicela/ChickenPox (7).jpg,False,False,0,Val,Val,Varicela,Varicela,,CANDIDATE ONLY; visual/source review required,,,,
Val/Varicela/ChickenPox (5).jpeg,Val/Varicela/ChickenPox (6).jpg,False,False,0,Val,Val,Varicela,Varicela,,CANDIDATE ONLY; visual/source review required,,,,
Val/Varicela/ChickenPox (5).png,Val/Varicela/ChickenPox (9).jpeg,False,False,6,Val,Val,Varicela,Varicela,,CANDIDATE ONLY; visual/source review required,,,,
