fold,role,label,n
1,Test,Herpes,7
1,Test,Melanoma,3
1,Test,Monkeypox,18
1,Test,Sarampion,29
1,Test,Varicela,24
1,Train,Herpes,31
1,Train,Melanoma,12
1,Train,Monkeypox,91
1,Train,Sarampion,145
1,Train,Varicela,120
1,Val,Herpes,7
1,Val,Melanoma,2
1,Val,Monkeypox,19
1,Val,Sarampion,31
1,Val,Varicela,26
2,Test,Herpes,7
2,Test,Melanoma,3
2,Test,Monkeypox,18
2,Test,Sarampion,29
2,Test,Varicela,24
2,Train,Herpes,31
2,Train,Melanoma,12
2,Train,Monkeypox,91
2,Train,Sarampion,145
2,Train,Varicela,120
2,Val,Herpes,7
2,Val,Melanoma,2
2,Val,Monkeypox,19
2,Val,Sarampion,31
2,Val,Varicela,26
3,Test,Herpes,7
3,Test,Melanoma,3
3,Test,Monkeypox,18
3,Test,Sarampion,29
3,Test,Varicela,24
3,Train,Herpes,31
3,Train,Melanoma,12
3,Train,Monkeypox,91
3,Train,Sarampion,145
3,Train,Varicela,120
3,Val,Herpes,7
3,Val,Melanoma,2
3,Val,Monkeypox,19
3,Val,Sarampion,31
3,Val,Varicela,26
4,Test,Herpes,6
4,Test,Melanoma,2
4,Test,Monkeypox,19
4,Test,Sarampion,30
4,Test,Varicela,24
4,Train,Herpes,32
4,Train,Melanoma,13
4,Train,Monkeypox,90
4,Train,Sarampion,144
4,Train,Varicela,120
4,Val,Herpes,7
4,Val,Melanoma,2
4,Val,Monkeypox,19
4,Val,Sarampion,31
4,Val,Varicela,26
5,Test,Herpes,6
5,Test,Melanoma,2
5,Test,Monkeypox,19
5,Test,Sarampion,30
5,Test,Varicela,24
5,Train,Herpes,32
5,Train,Melanoma,13
5,Train,Monkeypox,90
5,Train,Sarampion,144
5,Train,Varicela,120
5,Val,Herpes,7
5,Val,Melanoma,2
5,Val,Monkeypox,19
5,Val,Sarampion,31
5,Val,Varicela,26
6,Test,Herpes,6
6,Test,Melanoma,2
6,Test,Monkeypox,18
6,Test,Sarampion,29
6,Test,Varicela,25
6,Train,Herpes,32
6,Train,Melanoma,12
6,Train,Monkeypox,91
6,Train,Sarampion,145
6,Train,Varicela,120
6,Val,Herpes,7
6,Val,Melanoma,3
6,Val,Monkeypox,19
6,Val,Sarampion,31
6,Val,Varicela,25
7,Test,Herpes,6
7,Test,Melanoma,2
7,Test,Monkeypox,18
7,Test,Sarampion,29
7,Test,Varicela,25
7,Train,Herpes,32
7,Train,Melanoma,12
7,Train,Monkeypox,91
7,Train,Sarampion,145
7,Train,Varicela,120
7,Val,Herpes,7
7,Val,Melanoma,3
7,Val,Monkeypox,19
7,Val,Sarampion,31
7,Val,Varicela,25
