group,accuracy,count
18-59|male|white,0.9216867469879518,166
18-59|female|white,0.9523809523809523,126
18-59|male|asian,0.8717948717948718,39
18-59|male|indian,0.9705882352941176,34
0-17|male|white,0.8666666666666667,30
18-59|male|black,0.9333333333333333,30
18-59|female|asian,0.9615384615384616,26
18-59|female|latino hispanic,0.92,25
18-59|male|latino hispanic,1.0,23
18-59|male|middle eastern,0.8333333333333334,18
0-17|female|white,0.8,15
18-59|female|indian,0.9230769230769231,13
0-17|male|black,0.875,8
0-17|male|asian,0.6666666666666666,3
0-17|male|indian,1.0,2
0-17|female|asian,0.0,1
0-17|female|indian,0.0,1
0-17|male|latino hispanic,1.0,1
18-59|female|middle eastern,1.0,1
60+|female|asian,1.0,1
60+|female|latino hispanic,1.0,1
60+|male|white,1.0,1
