notebook,cell,accuracy,auc,kappa,mcc
_full_Dataset_DINOv3_DSAF_(unfreeze)/_full_Dataset_DINOv3_DSAF_(unfreeze).ipynb,0,0.91,0.9899,0.8875,0.8877
_full_Dataset_DINOv3_Simple_(unfreeze)/_full_Dataset_DINOv3_Simple_(unfreeze).ipynb,0,0.846,0.97,0.8075,0.808
full_Dataset_DINOv3_DSAF/full_Dataset_DINOv3_DSAF.ipynb,0,0.926,0.9905,0.9075,0.9075
full_Dataset_DINOv3_Simple/full_Dataset_DINOv3_Simple.ipynb,0,0.902,0.988,0.8775,0.8779
full_Dataset_ResNet50/full_Dataset_ResNet50.ipynb,0,0.888,0.9838,0.86,0.8606
full_Dataset_ResNet50/full_Dataset_ResNet50.ipynb,1,0.882,0.9841,0.8525,0.8532
full_Dataset_VGG16/full_Dataset_VGG16.ipynb,0,0.868,0.977,0.835,0.8356
full_Dataset_VGG16/full_Dataset_VGG16.ipynb,1,0.874,0.9822,0.8425,0.8437
metadata_Multimodal_DINOv3_Concat_KFold/metadata_Multimodal_DINOv3_Concat_KFold.ipynb,0,0.9136,0.9957,0.8805,0.8818
metadata_Multimodal_DINOv3_Concat_KFold/metadata_Multimodal_DINOv3_Concat_KFold.ipynb,0,0.9259,0.9814,0.8977,0.8979
metadata_Multimodal_DINOv3_Concat_KFold/metadata_Multimodal_DINOv3_Concat_KFold.ipynb,0,0.963,0.9968,0.9489,0.9491
metadata_Multimodal_DINOv3_Concat_KFold/metadata_Multimodal_DINOv3_Concat_KFold.ipynb,0,0.8765,0.9848,0.8251,0.8272
metadata_Multimodal_DINOv3_Concat_KFold/metadata_Multimodal_DINOv3_Concat_KFold.ipynb,0,0.9753,0.9994,0.9654,0.966
metadata_Multimodal_DINOv3_Concat_KFold/metadata_Multimodal_DINOv3_Concat_KFold.ipynb,0,0.95,0.9954,0.93,0.93
metadata_Multimodal_DINOv3_Concat_KFold/metadata_Multimodal_DINOv3_Concat_KFold.ipynb,0,0.9625,0.9988,0.9475,0.9486
metadata_Multimodal_DINOv3_DSAF_KFold/metadata_Multimodal_DINOv3_DSAF_KFold.ipynb,0,0.8889,0.9889,0.846,0.8466
metadata_Multimodal_DINOv3_DSAF_KFold/metadata_Multimodal_DINOv3_DSAF_KFold.ipynb,0,0.9506,0.9853,0.9318,0.9326
metadata_Multimodal_DINOv3_DSAF_KFold/metadata_Multimodal_DINOv3_DSAF_KFold.ipynb,0,0.963,0.9924,0.9487,0.9497
metadata_Multimodal_DINOv3_DSAF_KFold/metadata_Multimodal_DINOv3_DSAF_KFold.ipynb,0,0.8642,0.9812,0.809,0.8106
metadata_Multimodal_DINOv3_DSAF_KFold/metadata_Multimodal_DINOv3_DSAF_KFold.ipynb,0,0.963,0.9984,0.9482,0.9496
metadata_Multimodal_DINOv3_DSAF_KFold/metadata_Multimodal_DINOv3_DSAF_KFold.ipynb,0,0.95,0.9959,0.9299,0.9307
metadata_Multimodal_DINOv3_DSAF_KFold/metadata_Multimodal_DINOv3_DSAF_KFold.ipynb,0,0.8625,0.9892,0.8064,0.8071
metadata_Multimodal_ResNet50_Concat_KFold/metadata_Multimodal_ResNet50_Concat_KFold.ipynb,0,0.8889,0.9676,0.8463,0.8486
metadata_Multimodal_ResNet50_Concat_KFold/metadata_Multimodal_ResNet50_Concat_KFold.ipynb,0,0.8889,0.974,0.8481,0.8504
metadata_Multimodal_ResNet50_Concat_KFold/metadata_Multimodal_ResNet50_Concat_KFold.ipynb,0,0.9012,0.9903,0.8646,0.8657
metadata_Multimodal_ResNet50_Concat_KFold/metadata_Multimodal_ResNet50_Concat_KFold.ipynb,0,0.8395,0.9786,0.7771,0.7793
metadata_Multimodal_ResNet50_Concat_KFold/metadata_Multimodal_ResNet50_Concat_KFold.ipynb,0,0.9383,0.9951,0.9145,0.9159
metadata_Multimodal_ResNet50_Concat_KFold/metadata_Multimodal_ResNet50_Concat_KFold.ipynb,0,0.9125,0.9939,0.8778,0.8787
metadata_Multimodal_ResNet50_Concat_KFold/metadata_Multimodal_ResNet50_Concat_KFold.ipynb,0,0.9375,0.9852,0.9119,0.9125
metadata_Multimodal_VGG16_Concat_KFold/metadata_Multimodal_VGG16_Concat_KFold.ipynb,0,0.8519,0.978,0.7983,0.7991
metadata_Multimodal_VGG16_Concat_KFold/metadata_Multimodal_VGG16_Concat_KFold.ipynb,0,0.8889,0.9673,0.8492,0.8524
metadata_Multimodal_VGG16_Concat_KFold/metadata_Multimodal_VGG16_Concat_KFold.ipynb,0,0.8765,0.8871,0.8297,0.832
metadata_Multimodal_VGG16_Concat_KFold/metadata_Multimodal_VGG16_Concat_KFold.ipynb,0,0.8025,0.9498,0.7276,0.7303
metadata_Multimodal_VGG16_Concat_KFold/metadata_Multimodal_VGG16_Concat_KFold.ipynb,0,0.8765,0.984,0.829,0.8304
metadata_Multimodal_VGG16_Concat_KFold/metadata_Multimodal_VGG16_Concat_KFold.ipynb,0,0.8625,0.9794,0.8104,0.8152
metadata_Multimodal_VGG16_Concat_KFold/metadata_Multimodal_VGG16_Concat_KFold.ipynb,0,0.8625,0.9808,0.8095,0.8114
