model,attribute,raw_saved_group,correct,count,accuracy,wilson95_low,wilson95_high,label_warning
metadata_Multimodal_DINOv3_Concat_KFold,gender,male,333,355,0.9380281690140845,0.9079560564652963,0.9587219495323341,Legacy age display: 18-59 actually combines bins through 64; 60+ uses senior >64. Verify raw CSV.
metadata_Multimodal_DINOv3_Concat_KFold,gender,female,197,210,0.9380952380952381,0.8969814042650159,0.9634691417363739,Legacy age display: 18-59 actually combines bins through 64; 60+ uses senior >64. Verify raw CSV.
metadata_Multimodal_DINOv3_Concat_KFold,age,18-59,474,501,0.9461077844311377,0.9227257092537053,0.9627007789831932,Legacy age display: 18-59 actually combines bins through 64; 60+ uses senior >64. Verify raw CSV.
metadata_Multimodal_DINOv3_Concat_KFold,age,0-17,53,61,0.8688524590163934,0.7619811980700654,0.932019227250999,Legacy age display: 18-59 actually combines bins through 64; 60+ uses senior >64. Verify raw CSV.
metadata_Multimodal_DINOv3_Concat_KFold,age,60+,3,3,1.0,0.4385029682449546,1.0,Legacy age display: 18-59 actually combines bins through 64; 60+ uses senior >64. Verify raw CSV.
metadata_Multimodal_DINOv3_Concat_KFold,skin_tone,white,318,338,0.9408284023668639,0.9103767664921213,0.9613723801095194,Legacy age display: 18-59 actually combines bins through 64; 60+ uses senior >64. Verify raw CSV.
metadata_Multimodal_DINOv3_Concat_KFold,skin_tone,black,37,38,0.9736842105263158,0.8650512388404787,0.9953394123142312,Legacy age display: 18-59 actually combines bins through 64; 60+ uses senior >64. Verify raw CSV.
metadata_Multimodal_DINOv3_Concat_KFold,skin_tone,asian,63,70,0.9,0.807670851514326,0.9507106985574605,Legacy age display: 18-59 actually combines bins through 64; 60+ uses senior >64. Verify raw CSV.
metadata_Multimodal_DINOv3_Concat_KFold,skin_tone,middle eastern,16,19,0.8421052631578947,0.6243452472967093,0.9447952836146585,Legacy age display: 18-59 actually combines bins through 64; 60+ uses senior >64. Verify raw CSV.
metadata_Multimodal_DINOv3_Concat_KFold,skin_tone,indian,48,50,0.96,0.8653990931249297,0.9889611156723802,Legacy age display: 18-59 actually combines bins through 64; 60+ uses senior >64. Verify raw CSV.
metadata_Multimodal_DINOv3_Concat_KFold,skin_tone,latino hispanic,48,50,0.96,0.8653990931249297,0.9889611156723802,Legacy age display: 18-59 actually combines bins through 64; 60+ uses senior >64. Verify raw CSV.
metadata_Multimodal_DINOv3_Concat_KFold,composite,18-59|male|white,155,166,0.9337349397590361,0.8852504785759967,0.9625990453263173,Legacy age display: 18-59 actually combines bins through 64; 60+ uses senior >64. Verify raw CSV.
metadata_Multimodal_DINOv3_Concat_KFold,composite,18-59|male|black,30,30,1.0,0.8864866068260312,0.9999999999999999,Legacy age display: 18-59 actually combines bins through 64; 60+ uses senior >64. Verify raw CSV.
metadata_Multimodal_DINOv3_Concat_KFold,composite,18-59|male|asian,35,39,0.8974358974358975,0.7642114553714348,0.9593866865533163,Legacy age display: 18-59 actually combines bins through 64; 60+ uses senior >64. Verify raw CSV.
metadata_Multimodal_DINOv3_Concat_KFold,composite,18-59|male|middle eastern,15,18,0.8333333333333334,0.6077796189608428,0.9416342319413856,Legacy age display: 18-59 actually combines bins through 64; 60+ uses senior >64. Verify raw CSV.
metadata_Multimodal_DINOv3_Concat_KFold,composite,18-59|male|indian,34,34,1.0,0.8984854458466761,0.9999999999999999,Legacy age display: 18-59 actually combines bins through 64; 60+ uses senior >64. Verify raw CSV.
metadata_Multimodal_DINOv3_Concat_KFold,composite,18-59|female|white,121,126,0.9603174603174603,0.9104643457790981,0.9829328869198303,Legacy age display: 18-59 actually combines bins through 64; 60+ uses senior >64. Verify raw CSV.
metadata_Multimodal_DINOv3_Concat_KFold,composite,18-59|female|asian,25,26,0.9615384615384616,0.8110722109696524,0.9931780150064564,Legacy age display: 18-59 actually combines bins through 64; 60+ uses senior >64. Verify raw CSV.
metadata_Multimodal_DINOv3_Concat_KFold,composite,18-59|male|latino hispanic,23,23,1.0,0.8568833815495731,1.0,Legacy age display: 18-59 actually combines bins through 64; 60+ uses senior >64. Verify raw CSV.
metadata_Multimodal_DINOv3_Concat_KFold,composite,0-17|female|asian,0,1,0.0,0.0,0.7934506856227626,Legacy age display: 18-59 actually combines bins through 64; 60+ uses senior >64. Verify raw CSV.
metadata_Multimodal_DINOv3_Concat_KFold,composite,18-59|female|indian,12,13,0.9230769230769231,0.6668604907890041,0.9862895787574435,Legacy age display: 18-59 actually combines bins through 64; 60+ uses senior >64. Verify raw CSV.
metadata_Multimodal_DINOv3_Concat_KFold,composite,0-17|male|white,28,30,0.9333333333333333,0.7867654163738308,0.9815229762087295,Legacy age display: 18-59 actually combines bins through 64; 60+ uses senior >64. Verify raw CSV.
metadata_Multimodal_DINOv3_Concat_KFold,composite,18-59|female|latino hispanic,23,25,0.92,0.7503389104960468,0.9777795987151524,Legacy age display: 18-59 actually combines bins through 64; 60+ uses senior >64. Verify raw CSV.
metadata_Multimodal_DINOv3_Concat_KFold,composite,0-17|male|asian,2,3,0.6666666666666666,0.2076596008020477,0.9385080552796037,Legacy age display: 18-59 actually combines bins through 64; 60+ uses senior >64. Verify raw CSV.
metadata_Multimodal_DINOv3_Concat_KFold,composite,0-17|male|black,7,8,0.875,0.5291118177871464,0.9775825085499433,Legacy age display: 18-59 actually combines bins through 64; 60+ uses senior >64. Verify raw CSV.
metadata_Multimodal_DINOv3_Concat_KFold,composite,0-17|female|white,13,15,0.8666666666666667,0.6211801716767764,0.9626387408969346,Legacy age display: 18-59 actually combines bins through 64; 60+ uses senior >64. Verify raw CSV.
metadata_Multimodal_DINOv3_Concat_KFold,composite,0-17|male|indian,2,2,1.0,0.34238022750665303,1.0,Legacy age display: 18-59 actually combines bins through 64; 60+ uses senior >64. Verify raw CSV.
metadata_Multimodal_DINOv3_Concat_KFold,composite,60+|female|latino hispanic,1,1,1.0,0.20654931437723745,1.0,Legacy age display: 18-59 actually combines bins through 64; 60+ uses senior >64. Verify raw CSV.
metadata_Multimodal_DINOv3_Concat_KFold,composite,0-17|male|latino hispanic,1,1,1.0,0.20654931437723745,1.0,Legacy age display: 18-59 actually combines bins through 64; 60+ uses senior >64. Verify raw CSV.
metadata_Multimodal_DINOv3_Concat_KFold,composite,18-59|female|middle eastern,1,1,1.0,0.20654931437723745,1.0,Legacy age display: 18-59 actually combines bins through 64; 60+ uses senior >64. Verify raw CSV.
metadata_Multimodal_DINOv3_Concat_KFold,composite,0-17|female|indian,0,1,0.0,0.0,0.7934506856227626,Legacy age display: 18-59 actually combines bins through 64; 60+ uses senior >64. Verify raw CSV.
metadata_Multimodal_DINOv3_Concat_KFold,composite,60+|male|white,1,1,1.0,0.20654931437723745,1.0,Legacy age display: 18-59 actually combines bins through 64; 60+ uses senior >64. Verify raw CSV.
metadata_Multimodal_DINOv3_Concat_KFold,composite,60+|female|asian,1,1,1.0,0.20654931437723745,1.0,Legacy age display: 18-59 actually combines bins through 64; 60+ uses senior >64. Verify raw CSV.
metadata_Multimodal_DINOv3_DSAF_KFold,gender,female,195,210,0.9285714285714286,0.8855063808281706,0.9562387185210154,Legacy age display: 18-59 actually combines bins through 64; 60+ uses senior >64. Verify raw CSV.
metadata_Multimodal_DINOv3_DSAF_KFold,gender,male,325,355,0.9154929577464789,0.8819246651657928,0.9401654048319597,Legacy age display: 18-59 actually combines bins through 64; 60+ uses senior >64. Verify raw CSV.
metadata_Multimodal_DINOv3_DSAF_KFold,age,0-17,50,61,0.819672131147541,0.7052584365187894,0.8962085987594665,Legacy age display: 18-59 actually combines bins through 64; 60+ uses senior >64. Verify raw CSV.
metadata_Multimodal_DINOv3_DSAF_KFold,age,18-59,467,501,0.9321357285429142,0.9066627576544292,0.951032252203685,Legacy age display: 18-59 actually combines bins through 64; 60+ uses senior >64. Verify raw CSV.
metadata_Multimodal_DINOv3_DSAF_KFold,age,60+,3,3,1.0,0.4385029682449546,1.0,Legacy age display: 18-59 actually combines bins through 64; 60+ uses senior >64. Verify raw CSV.
metadata_Multimodal_DINOv3_DSAF_KFold,skin_tone,asian,62,70,0.8857142857142857,0.7903577841784561,0.9409387105336235,Legacy age display: 18-59 actually combines bins through 64; 60+ uses senior >64. Verify raw CSV.
metadata_Multimodal_DINOv3_DSAF_KFold,skin_tone,black,35,38,0.9210526315789473,0.7920062854222853,0.9727854044930122,Legacy age display: 18-59 actually combines bins through 64; 60+ uses senior >64. Verify raw CSV.
metadata_Multimodal_DINOv3_DSAF_KFold,skin_tone,indian,47,50,0.94,0.8378290831116182,0.979385029651026,Legacy age display: 18-59 actually combines bins through 64; 60+ uses senior >64. Verify raw CSV.
metadata_Multimodal_DINOv3_DSAF_KFold,skin_tone,latino hispanic,48,50,0.96,0.8653990931249297,0.9889611156723802,Legacy age display: 18-59 actually combines bins through 64; 60+ uses senior >64. Verify raw CSV.
metadata_Multimodal_DINOv3_DSAF_KFold,skin_tone,middle eastern,16,19,0.8421052631578947,0.6243452472967093,0.9447952836146585,Legacy age display: 18-59 actually combines bins through 64; 60+ uses senior >64. Verify raw CSV.
metadata_Multimodal_DINOv3_DSAF_KFold,skin_tone,white,312,338,0.9230769230769231,0.8896775774165836,0.9469675767044542,Legacy age display: 18-59 actually combines bins through 64; 60+ uses senior >64. Verify raw CSV.
metadata_Multimodal_DINOv3_DSAF_KFold,composite,0-17|female|asian,0,1,0.0,0.0,0.7934506856227626,Legacy age display: 18-59 actually combines bins through 64; 60+ uses senior >64. Verify raw CSV.
metadata_Multimodal_DINOv3_DSAF_KFold,composite,0-17|female|white,12,15,0.8,0.5481455128483065,0.9295245065301844,Legacy age display: 18-59 actually combines bins through 64; 60+ uses senior >64. Verify raw CSV.
metadata_Multimodal_DINOv3_DSAF_KFold,composite,0-17|male|asian,2,3,0.6666666666666666,0.2076596008020477,0.9385080552796037,Legacy age display: 18-59 actually combines bins through 64; 60+ uses senior >64. Verify raw CSV.
metadata_Multimodal_DINOv3_DSAF_KFold,composite,0-17|male|black,7,8,0.875,0.5291118177871464,0.9775825085499433,Legacy age display: 18-59 actually combines bins through 64; 60+ uses senior >64. Verify raw CSV.
metadata_Multimodal_DINOv3_DSAF_KFold,composite,0-17|male|white,26,30,0.8666666666666667,0.703186733179637,0.9469034451594526,Legacy age display: 18-59 actually combines bins through 64; 60+ uses senior >64. Verify raw CSV.
metadata_Multimodal_DINOv3_DSAF_KFold,composite,18-59|female|asian,25,26,0.9615384615384616,0.8110722109696524,0.9931780150064564,Legacy age display: 18-59 actually combines bins through 64; 60+ uses senior >64. Verify raw CSV.
metadata_Multimodal_DINOv3_DSAF_KFold,composite,18-59|female|indian,12,13,0.9230769230769231,0.6668604907890041,0.9862895787574435,Legacy age display: 18-59 actually combines bins through 64; 60+ uses senior >64. Verify raw CSV.
metadata_Multimodal_DINOv3_DSAF_KFold,composite,18-59|female|latino hispanic,23,25,0.92,0.7503389104960468,0.9777795987151524,Legacy age display: 18-59 actually combines bins through 64; 60+ uses senior >64. Verify raw CSV.
metadata_Multimodal_DINOv3_DSAF_KFold,composite,18-59|female|white,120,126,0.9523809523809523,0.8999983205231048,0.9779955116120489,Legacy age display: 18-59 actually combines bins through 64; 60+ uses senior >64. Verify raw CSV.
metadata_Multimodal_DINOv3_DSAF_KFold,composite,18-59|male|asian,34,39,0.8717948717948718,0.7329425662025455,0.9439718246302862,Legacy age display: 18-59 actually combines bins through 64; 60+ uses senior >64. Verify raw CSV.
metadata_Multimodal_DINOv3_DSAF_KFold,composite,18-59|male|black,28,30,0.9333333333333333,0.7867654163738308,0.9815229762087295,Legacy age display: 18-59 actually combines bins through 64; 60+ uses senior >64. Verify raw CSV.
metadata_Multimodal_DINOv3_DSAF_KFold,composite,18-59|male|indian,33,34,0.9705882352941176,0.8508442670731406,0.9947890937237309,Legacy age display: 18-59 actually combines bins through 64; 60+ uses senior >64. Verify raw CSV.
metadata_Multimodal_DINOv3_DSAF_KFold,composite,18-59|male|latino hispanic,23,23,1.0,0.8568833815495731,1.0,Legacy age display: 18-59 actually combines bins through 64; 60+ uses senior >64. Verify raw CSV.
metadata_Multimodal_DINOv3_DSAF_KFold,composite,18-59|male|middle eastern,15,18,0.8333333333333334,0.6077796189608428,0.9416342319413856,Legacy age display: 18-59 actually combines bins through 64; 60+ uses senior >64. Verify raw CSV.
metadata_Multimodal_DINOv3_DSAF_KFold,composite,18-59|male|white,153,166,0.9216867469879518,0.8706336017700654,0.9536645464682955,Legacy age display: 18-59 actually combines bins through 64; 60+ uses senior >64. Verify raw CSV.
metadata_Multimodal_DINOv3_DSAF_KFold,composite,0-17|male|indian,2,2,1.0,0.34238022750665303,1.0,Legacy age display: 18-59 actually combines bins through 64; 60+ uses senior >64. Verify raw CSV.
metadata_Multimodal_DINOv3_DSAF_KFold,composite,0-17|male|latino hispanic,1,1,1.0,0.20654931437723745,1.0,Legacy age display: 18-59 actually combines bins through 64; 60+ uses senior >64. Verify raw CSV.
metadata_Multimodal_DINOv3_DSAF_KFold,composite,60+|female|latino hispanic,1,1,1.0,0.20654931437723745,1.0,Legacy age display: 18-59 actually combines bins through 64; 60+ uses senior >64. Verify raw CSV.
metadata_Multimodal_DINOv3_DSAF_KFold,composite,0-17|female|indian,0,1,0.0,0.0,0.7934506856227626,Legacy age display: 18-59 actually combines bins through 64; 60+ uses senior >64. Verify raw CSV.
metadata_Multimodal_DINOv3_DSAF_KFold,composite,18-59|female|middle eastern,1,1,1.0,0.20654931437723745,1.0,Legacy age display: 18-59 actually combines bins through 64; 60+ uses senior >64. Verify raw CSV.
metadata_Multimodal_DINOv3_DSAF_KFold,composite,60+|male|white,1,1,1.0,0.20654931437723745,1.0,Legacy age display: 18-59 actually combines bins through 64; 60+ uses senior >64. Verify raw CSV.
metadata_Multimodal_DINOv3_DSAF_KFold,composite,60+|female|asian,1,1,1.0,0.20654931437723745,1.0,Legacy age display: 18-59 actually combines bins through 64; 60+ uses senior >64. Verify raw CSV.
metadata_Multimodal_ResNet50_Concat_KFold,gender,male,318,355,0.895774647887324,0.859640925463675,0.9234347005341841,Legacy age display: 18-59 actually combines bins through 64; 60+ uses senior >64. Verify raw CSV.
metadata_Multimodal_ResNet50_Concat_KFold,gender,female,191,210,0.9095238095238095,0.8630213836094255,0.9413128224353521,Legacy age display: 18-59 actually combines bins through 64; 60+ uses senior >64. Verify raw CSV.
metadata_Multimodal_ResNet50_Concat_KFold,age,18-59,455,501,0.908183632734531,0.8796975190241879,0.9304578136131533,Legacy age display: 18-59 actually combines bins through 64; 60+ uses senior >64. Verify raw CSV.
metadata_Multimodal_ResNet50_Concat_KFold,age,0-17,51,61,0.8360655737704918,0.7238716146826547,0.908439883943204,Legacy age display: 18-59 actually combines bins through 64; 60+ uses senior >64. Verify raw CSV.
metadata_Multimodal_ResNet50_Concat_KFold,age,60+,3,3,1.0,0.4385029682449546,1.0,Legacy age display: 18-59 actually combines bins through 64; 60+ uses senior >64. Verify raw CSV.
metadata_Multimodal_ResNet50_Concat_KFold,skin_tone,white,304,338,0.8994082840236687,0.8627199134203559,0.9271199173932113,Legacy age display: 18-59 actually combines bins through 64; 60+ uses senior >64. Verify raw CSV.
metadata_Multimodal_ResNet50_Concat_KFold,skin_tone,black,35,38,0.9210526315789473,0.7920062854222853,0.9727854044930122,Legacy age display: 18-59 actually combines bins through 64; 60+ uses senior >64. Verify raw CSV.
metadata_Multimodal_ResNet50_Concat_KFold,skin_tone,asian,63,70,0.9,0.807670851514326,0.9507106985574605,Legacy age display: 18-59 actually combines bins through 64; 60+ uses senior >64. Verify raw CSV.
metadata_Multimodal_ResNet50_Concat_KFold,skin_tone,middle eastern,16,19,0.8421052631578947,0.6243452472967093,0.9447952836146585,Legacy age display: 18-59 actually combines bins through 64; 60+ uses senior >64. Verify raw CSV.
metadata_Multimodal_ResNet50_Concat_KFold,skin_tone,indian,44,50,0.88,0.7619518261679701,0.9438239984906773,Legacy age display: 18-59 actually combines bins through 64; 60+ uses senior >64. Verify raw CSV.
metadata_Multimodal_ResNet50_Concat_KFold,skin_tone,latino hispanic,47,50,0.94,0.8378290831116182,0.979385029651026,Legacy age display: 18-59 actually combines bins through 64; 60+ uses senior >64. Verify raw CSV.
metadata_Multimodal_ResNet50_Concat_KFold,composite,18-59|male|white,145,166,0.8734939759036144,0.8143443230120763,0.9157483225704718,Legacy age display: 18-59 actually combines bins through 64; 60+ uses senior >64. Verify raw CSV.
metadata_Multimodal_ResNet50_Concat_KFold,composite,18-59|male|black,28,30,0.9333333333333333,0.7867654163738308,0.9815229762087295,Legacy age display: 18-59 actually combines bins through 64; 60+ uses senior >64. Verify raw CSV.
metadata_Multimodal_ResNet50_Concat_KFold,composite,18-59|male|asian,35,39,0.8974358974358975,0.7642114553714348,0.9593866865533163,Legacy age display: 18-59 actually combines bins through 64; 60+ uses senior >64. Verify raw CSV.
metadata_Multimodal_ResNet50_Concat_KFold,composite,18-59|male|middle eastern,15,18,0.8333333333333334,0.6077796189608428,0.9416342319413856,Legacy age display: 18-59 actually combines bins through 64; 60+ uses senior >64. Verify raw CSV.
metadata_Multimodal_ResNet50_Concat_KFold,composite,18-59|male|indian,33,34,0.9705882352941176,0.8508442670731406,0.9947890937237309,Legacy age display: 18-59 actually combines bins through 64; 60+ uses senior >64. Verify raw CSV.
metadata_Multimodal_ResNet50_Concat_KFold,composite,18-59|female|white,120,126,0.9523809523809523,0.8999983205231048,0.9779955116120489,Legacy age display: 18-59 actually combines bins through 64; 60+ uses senior >64. Verify raw CSV.
metadata_Multimodal_ResNet50_Concat_KFold,composite,18-59|female|asian,24,26,0.9230769230769231,0.7585844622837095,0.9786449115277238,Legacy age display: 18-59 actually combines bins through 64; 60+ uses senior >64. Verify raw CSV.
metadata_Multimodal_ResNet50_Concat_KFold,composite,18-59|male|latino hispanic,22,23,0.9565217391304348,0.7900884492974114,0.9922833338565469,Legacy age display: 18-59 actually combines bins through 64; 60+ uses senior >64. Verify raw CSV.
metadata_Multimodal_ResNet50_Concat_KFold,composite,0-17|female|asian,1,1,1.0,0.20654931437723745,1.0,Legacy age display: 18-59 actually combines bins through 64; 60+ uses senior >64. Verify raw CSV.
metadata_Multimodal_ResNet50_Concat_KFold,composite,18-59|female|indian,9,13,0.6923076923076923,0.42369343180549035,0.8731929634428948,Legacy age display: 18-59 actually combines bins through 64; 60+ uses senior >64. Verify raw CSV.
metadata_Multimodal_ResNet50_Concat_KFold,composite,0-17|male|white,27,30,0.9,0.7437891742081593,0.9654001112526658,Legacy age display: 18-59 actually combines bins through 64; 60+ uses senior >64. Verify raw CSV.
metadata_Multimodal_ResNet50_Concat_KFold,composite,18-59|female|latino hispanic,23,25,0.92,0.7503389104960468,0.9777795987151524,Legacy age display: 18-59 actually combines bins through 64; 60+ uses senior >64. Verify raw CSV.
metadata_Multimodal_ResNet50_Concat_KFold,composite,0-17|male|asian,2,3,0.6666666666666666,0.2076596008020477,0.9385080552796037,Legacy age display: 18-59 actually combines bins through 64; 60+ uses senior >64. Verify raw CSV.
metadata_Multimodal_ResNet50_Concat_KFold,composite,0-17|male|black,7,8,0.875,0.5291118177871464,0.9775825085499433,Legacy age display: 18-59 actually combines bins through 64; 60+ uses senior >64. Verify raw CSV.
metadata_Multimodal_ResNet50_Concat_KFold,composite,0-17|female|white,11,15,0.7333333333333333,0.4804956594401943,0.8910254667430761,Legacy age display: 18-59 actually combines bins through 64; 60+ uses senior >64. Verify raw CSV.
metadata_Multimodal_ResNet50_Concat_KFold,composite,0-17|male|indian,2,2,1.0,0.34238022750665303,1.0,Legacy age display: 18-59 actually combines bins through 64; 60+ uses senior >64. Verify raw CSV.
metadata_Multimodal_ResNet50_Concat_KFold,composite,60+|female|latino hispanic,1,1,1.0,0.20654931437723745,1.0,Legacy age display: 18-59 actually combines bins through 64; 60+ uses senior >64. Verify raw CSV.
metadata_Multimodal_ResNet50_Concat_KFold,composite,0-17|male|latino hispanic,1,1,1.0,0.20654931437723745,1.0,Legacy age display: 18-59 actually combines bins through 64; 60+ uses senior >64. Verify raw CSV.
metadata_Multimodal_ResNet50_Concat_KFold,composite,18-59|female|middle eastern,1,1,1.0,0.20654931437723745,1.0,Legacy age display: 18-59 actually combines bins through 64; 60+ uses senior >64. Verify raw CSV.
metadata_Multimodal_ResNet50_Concat_KFold,composite,0-17|female|indian,0,1,0.0,0.0,0.7934506856227626,Legacy age display: 18-59 actually combines bins through 64; 60+ uses senior >64. Verify raw CSV.
metadata_Multimodal_ResNet50_Concat_KFold,composite,60+|male|white,1,1,1.0,0.20654931437723745,1.0,Legacy age display: 18-59 actually combines bins through 64; 60+ uses senior >64. Verify raw CSV.
metadata_Multimodal_ResNet50_Concat_KFold,composite,60+|female|asian,1,1,1.0,0.20654931437723745,1.0,Legacy age display: 18-59 actually combines bins through 64; 60+ uses senior >64. Verify raw CSV.
metadata_Multimodal_VGG16_Concat_KFold,gender,male,294,355,0.828169014084507,0.7854673625120584,0.8638444554861663,Legacy age display: 18-59 actually combines bins through 64; 60+ uses senior >64. Verify raw CSV.
metadata_Multimodal_VGG16_Concat_KFold,gender,female,192,210,0.9142857142857143,0.8685919016142225,0.945095027756657,Legacy age display: 18-59 actually combines bins through 64; 60+ uses senior >64. Verify raw CSV.
metadata_Multimodal_VGG16_Concat_KFold,age,18-59,437,501,0.872255489021956,0.840167322037696,0.8986784947684854,Legacy age display: 18-59 actually combines bins through 64; 60+ uses senior >64. Verify raw CSV.
metadata_Multimodal_VGG16_Concat_KFold,age,0-17,46,61,0.7540983606557377,0.6331557589001072,0.8449334229877371,Legacy age display: 18-59 actually combines bins through 64; 60+ uses senior >64. Verify raw CSV.
metadata_Multimodal_VGG16_Concat_KFold,age,60+,3,3,1.0,0.4385029682449546,1.0,Legacy age display: 18-59 actually combines bins through 64; 60+ uses senior >64. Verify raw CSV.
metadata_Multimodal_VGG16_Concat_KFold,skin_tone,white,294,338,0.8698224852071006,0.8297540048430779,0.9015791718361509,Legacy age display: 18-59 actually combines bins through 64; 60+ uses senior >64. Verify raw CSV.
metadata_Multimodal_VGG16_Concat_KFold,skin_tone,black,32,38,0.8421052631578947,0.6958318822077686,0.9255613658484106,Legacy age display: 18-59 actually combines bins through 64; 60+ uses senior >64. Verify raw CSV.
metadata_Multimodal_VGG16_Concat_KFold,skin_tone,asian,58,70,0.8285714285714286,0.7238335196785457,0.8991227535947075,Legacy age display: 18-59 actually combines bins through 64; 60+ uses senior >64. Verify raw CSV.
metadata_Multimodal_VGG16_Concat_KFold,skin_tone,middle eastern,14,19,0.7368421052631579,0.5120844910218489,0.8819358765321748,Legacy age display: 18-59 actually combines bins through 64; 60+ uses senior >64. Verify raw CSV.
metadata_Multimodal_VGG16_Concat_KFold,skin_tone,indian,41,50,0.82,0.6920394632569922,0.9022980732976582,Legacy age display: 18-59 actually combines bins through 64; 60+ uses senior >64. Verify raw CSV.
metadata_Multimodal_VGG16_Concat_KFold,skin_tone,latino hispanic,47,50,0.94,0.8378290831116182,0.979385029651026,Legacy age display: 18-59 actually combines bins through 64; 60+ uses senior >64. Verify raw CSV.
metadata_Multimodal_VGG16_Concat_KFold,composite,18-59|male|white,136,166,0.8192771084337349,0.7537375981183805,0.8703738569763784,Legacy age display: 18-59 actually combines bins through 64; 60+ uses senior >64. Verify raw CSV.
metadata_Multimodal_VGG16_Concat_KFold,composite,18-59|male|black,26,30,0.8666666666666667,0.703186733179637,0.9469034451594526,Legacy age display: 18-59 actually combines bins through 64; 60+ uses senior >64. Verify raw CSV.
metadata_Multimodal_VGG16_Concat_KFold,composite,18-59|male|asian,33,39,0.8461538461538461,0.7027053635107331,0.927525276230179,Legacy age display: 18-59 actually combines bins through 64; 60+ uses senior >64. Verify raw CSV.
metadata_Multimodal_VGG16_Concat_KFold,composite,18-59|male|middle eastern,13,18,0.7222222222222222,0.4912734343970254,0.8750024662044601,Legacy age display: 18-59 actually combines bins through 64; 60+ uses senior >64. Verify raw CSV.
metadata_Multimodal_VGG16_Concat_KFold,composite,18-59|male|indian,29,34,0.8529411764705882,0.6987194350454783,0.9355055855521753,Legacy age display: 18-59 actually combines bins through 64; 60+ uses senior >64. Verify raw CSV.
metadata_Multimodal_VGG16_Concat_KFold,composite,18-59|female|white,121,126,0.9603174603174603,0.9104643457790981,0.9829328869198303,Legacy age display: 18-59 actually combines bins through 64; 60+ uses senior >64. Verify raw CSV.
metadata_Multimodal_VGG16_Concat_KFold,composite,18-59|female|asian,23,26,0.8846153846153846,0.7102409678828635,0.9599675537638938,Legacy age display: 18-59 actually combines bins through 64; 60+ uses senior >64. Verify raw CSV.
metadata_Multimodal_VGG16_Concat_KFold,composite,18-59|male|latino hispanic,22,23,0.9565217391304348,0.7900884492974114,0.9922833338565469,Legacy age display: 18-59 actually combines bins through 64; 60+ uses senior >64. Verify raw CSV.
metadata_Multimodal_VGG16_Concat_KFold,composite,0-17|female|asian,1,1,1.0,0.20654931437723745,1.0,Legacy age display: 18-59 actually combines bins through 64; 60+ uses senior >64. Verify raw CSV.
metadata_Multimodal_VGG16_Concat_KFold,composite,18-59|female|indian,10,13,0.7692307692307693,0.49743624053272495,0.9182047128150143,Legacy age display: 18-59 actually combines bins through 64; 60+ uses senior >64. Verify raw CSV.
metadata_Multimodal_VGG16_Concat_KFold,composite,0-17|male|white,25,30,0.8333333333333334,0.6643564949358398,0.9266345762815145,Legacy age display: 18-59 actually combines bins through 64; 60+ uses senior >64. Verify raw CSV.
metadata_Multimodal_VGG16_Concat_KFold,composite,18-59|female|latino hispanic,23,25,0.92,0.7503389104960468,0.9777795987151524,Legacy age display: 18-59 actually combines bins through 64; 60+ uses senior >64. Verify raw CSV.
metadata_Multimodal_VGG16_Concat_KFold,composite,0-17|male|asian,0,3,0.0,5.551115123125783e-17,0.5614970317550454,Legacy age display: 18-59 actually combines bins through 64; 60+ uses senior >64. Verify raw CSV.
metadata_Multimodal_VGG16_Concat_KFold,composite,0-17|male|black,6,8,0.75,0.40927543031016883,0.9285207872478909,Legacy age display: 18-59 actually combines bins through 64; 60+ uses senior >64. Verify raw CSV.
metadata_Multimodal_VGG16_Concat_KFold,composite,0-17|female|white,11,15,0.7333333333333333,0.4804956594401943,0.8910254667430761,Legacy age display: 18-59 actually combines bins through 64; 60+ uses senior >64. Verify raw CSV.
metadata_Multimodal_VGG16_Concat_KFold,composite,0-17|male|indian,2,2,1.0,0.34238022750665303,1.0,Legacy age display: 18-59 actually combines bins through 64; 60+ uses senior >64. Verify raw CSV.
metadata_Multimodal_VGG16_Concat_KFold,composite,60+|female|latino hispanic,1,1,1.0,0.20654931437723745,1.0,Legacy age display: 18-59 actually combines bins through 64; 60+ uses senior >64. Verify raw CSV.
metadata_Multimodal_VGG16_Concat_KFold,composite,0-17|male|latino hispanic,1,1,1.0,0.20654931437723745,1.0,Legacy age display: 18-59 actually combines bins through 64; 60+ uses senior >64. Verify raw CSV.
metadata_Multimodal_VGG16_Concat_KFold,composite,18-59|female|middle eastern,1,1,1.0,0.20654931437723745,1.0,Legacy age display: 18-59 actually combines bins through 64; 60+ uses senior >64. Verify raw CSV.
metadata_Multimodal_VGG16_Concat_KFold,composite,0-17|female|indian,0,1,0.0,0.0,0.7934506856227626,Legacy age display: 18-59 actually combines bins through 64; 60+ uses senior >64. Verify raw CSV.
metadata_Multimodal_VGG16_Concat_KFold,composite,60+|male|white,1,1,1.0,0.20654931437723745,1.0,Legacy age display: 18-59 actually combines bins through 64; 60+ uses senior >64. Verify raw CSV.
metadata_Multimodal_VGG16_Concat_KFold,composite,60+|female|asian,1,1,1.0,0.20654931437723745,1.0,Legacy age display: 18-59 actually combines bins through 64; 60+ uses senior >64. Verify raw CSV.
