model,fold,n_test,correct,accuracy,roc_auc_macro
metadata_Multimodal_DINOv3_Concat_KFold,1,81,74,0.9135802469135802,0.9957091249589738
metadata_Multimodal_DINOv3_Concat_KFold,2,81,75,0.925925925925926,0.981409973258128
metadata_Multimodal_DINOv3_Concat_KFold,3,81,78,0.9629629629629628,0.996808568072936
metadata_Multimodal_DINOv3_Concat_KFold,4,81,71,0.8765432098765432,0.984759978694364
metadata_Multimodal_DINOv3_Concat_KFold,5,81,79,0.9753086419753086,0.9993990035176492
metadata_Multimodal_DINOv3_Concat_KFold,6,80,76,0.95,0.9953841047390742
metadata_Multimodal_DINOv3_Concat_KFold,7,80,77,0.9625,0.998789305870324
metadata_Multimodal_DINOv3_DSAF_KFold,1,81,72,0.8888888888888888,0.988884703161775
metadata_Multimodal_DINOv3_DSAF_KFold,2,81,77,0.9506172839506172,0.9852552345595298
metadata_Multimodal_DINOv3_DSAF_KFold,3,81,78,0.9629629629629628,0.9924095821554988
metadata_Multimodal_DINOv3_DSAF_KFold,4,81,70,0.8641975308641975,0.981209771741181
metadata_Multimodal_DINOv3_DSAF_KFold,5,81,78,0.9629629629629628,0.9983613524640192
metadata_Multimodal_DINOv3_DSAF_KFold,6,80,76,0.95,0.9959045546745344
metadata_Multimodal_DINOv3_DSAF_KFold,7,80,69,0.8625,0.9891768534638392
metadata_Multimodal_ResNet50_Concat_KFold,1,81,72,0.8888888888888888,0.9676489147451036
metadata_Multimodal_ResNet50_Concat_KFold,2,81,72,0.8888888888888888,0.974028277295065
metadata_Multimodal_ResNet50_Concat_KFold,3,81,73,0.9012345679012346,0.9902760112378988
metadata_Multimodal_ResNet50_Concat_KFold,4,81,68,0.8395061728395061,0.9786170533861536
metadata_Multimodal_ResNet50_Concat_KFold,5,81,76,0.9382716049382716,0.9951403619738785
metadata_Multimodal_ResNet50_Concat_KFold,6,80,73,0.9125,0.9939422729624392
metadata_Multimodal_ResNet50_Concat_KFold,7,80,75,0.9375,0.9852138016848347
metadata_Multimodal_VGG16_Concat_KFold,1,81,69,0.8518518518518519,0.9780248877345066
metadata_Multimodal_VGG16_Concat_KFold,2,81,72,0.8888888888888888,0.967343510552827
metadata_Multimodal_VGG16_Concat_KFold,3,81,71,0.8765432098765432,0.8870976555489563
metadata_Multimodal_VGG16_Concat_KFold,4,81,65,0.8024691358024691,0.9497889722264008
metadata_Multimodal_VGG16_Concat_KFold,5,81,71,0.8765432098765432,0.9840049935084392
metadata_Multimodal_VGG16_Concat_KFold,6,80,69,0.8625,0.979359677254122
metadata_Multimodal_VGG16_Concat_KFold,7,80,69,0.8625,0.9808142423722612
